INSERT INTO cestado (id_estado,estado) VALUES (1,'Aguascalientes');
INSERT INTO cestado (id_estado,estado) VALUES (2,'Baja California');
INSERT INTO cestado (id_estado,estado) VALUES (3,'Baja California Sur');
INSERT INTO cestado (id_estado,estado) VALUES (4,'Campeche');
INSERT INTO cestado (id_estado,estado) VALUES (5,'Chiapas');
INSERT INTO cestado (id_estado,estado) VALUES (6,'Chihuahua');
INSERT INTO cestado (id_estado,estado) VALUES (7,'Coahuila');
INSERT INTO cestado (id_estado,estado) VALUES (8,'Colima');
INSERT INTO cestado (id_estado,estado) VALUES (9,'CDMX');
INSERT INTO cestado (id_estado,estado) VALUES (10,'Durango');
INSERT INTO cestado (id_estado,estado) VALUES (11,'Edo. de Mexico');
INSERT INTO cestado (id_estado,estado) VALUES (12,'Guanajuato');
INSERT INTO cestado (id_estado,estado) VALUES (13,'Guerrero');
INSERT INTO cestado (id_estado,estado) VALUES (14,'Hidalgo');
INSERT INTO cestado (id_estado,estado) VALUES (15,'Jalisco');
INSERT INTO cestado (id_estado,estado) VALUES (16,'Michoacan');
INSERT INTO cestado (id_estado,estado) VALUES (17,'Morelos');
INSERT INTO cestado (id_estado,estado) VALUES (18,'Nayarit');
INSERT INTO cestado (id_estado,estado) VALUES (19,'Nuevo Leon');
INSERT INTO cestado (id_estado,estado) VALUES (20,'Oaxaca');
INSERT INTO cestado (id_estado,estado) VALUES (21,'Puebla');
INSERT INTO cestado (id_estado,estado) VALUES (22,'Queretaro');
INSERT INTO cestado (id_estado,estado) VALUES (23,'Quintana Roo');
INSERT INTO cestado (id_estado,estado) VALUES (24,'San Luis Potosi');
INSERT INTO cestado (id_estado,estado) VALUES (25,'Sinaloa');
INSERT INTO cestado (id_estado,estado) VALUES (26,'Sonora');
INSERT INTO cestado (id_estado,estado) VALUES (27,'Tabasco');
INSERT INTO cestado (id_estado,estado) VALUES (28,'Tamaulipas');
INSERT INTO cestado (id_estado,estado) VALUES (29,'Tlaxcala');
INSERT INTO cestado (id_estado,estado) VALUES (30,'Veracruz');
INSERT INTO cestado (id_estado,estado) VALUES (31,'Yucatan');
INSERT INTO cestado (id_estado,estado) VALUES (32,'Zacatecas');

INSERT INTO cmunicipio (id_municipio,municipio,id_estado) VALUES (1,'Tlalnepantla',11);
INSERT INTO cmunicipio (id_municipio,municipio,id_estado) VALUES (2,'Gustavo A Madero',9);
INSERT INTO cmunicipio (id_municipio,municipio,id_estado) VALUES (3,'Ecatepec',11);
INSERT INTO cmunicipio (id_municipio,municipio,id_estado) VALUES (4,'Zacatlan',21);
INSERT INTO cmunicipio (id_municipio,municipio,id_estado) VALUES (5,'Tequisquiapan',22);
INSERT INTO cmunicipio (id_municipio,municipio,id_estado) VALUES (6,'Ayutla',15);
INSERT INTO cmunicipio (id_municipio,municipio,id_estado) VALUES (7,'Guadalajara',15);
INSERT INTO cmunicipio (id_municipio,municipio,id_estado) VALUES (8,'Lagos de Moreno',15);
INSERT INTO cmunicipio (id_municipio,municipio,id_estado) VALUES (9,'Puebla',21);
INSERT INTO cmunicipio (id_municipio,municipio,id_estado) VALUES (10,'Cuautla',17);
INSERT INTO cmunicipio (id_municipio,municipio,id_estado) VALUES (11,'Cuernavaca',17);
INSERT INTO cmunicipio (id_municipio,municipio,id_estado) VALUES (12,'Zacatepec',17);
INSERT INTO cmunicipio (id_municipio,municipio,id_estado) VALUES (13,'Acapulco de Juarez',13);
INSERT INTO cmunicipio (id_municipio,municipio,id_estado) VALUES (14,'Taxco de Alarcon',13);
INSERT INTO cmunicipio (id_municipio,municipio,id_estado) VALUES (15,'Juchitan',13);
INSERT INTO cmunicipio (id_municipio,municipio,id_estado) VALUES (16,'San Cristobal de las Casas',5);
INSERT INTO cmunicipio (id_municipio,municipio,id_estado) VALUES (17,'Apatzingan',16);
INSERT INTO cmunicipio (id_municipio,municipio,id_estado) VALUES (18,'San Miguel de Allende',12);
INSERT INTO cmunicipio (id_municipio,municipio,id_estado) VALUES (19,'Leon',12);
INSERT INTO cmunicipio (id_municipio,municipio,id_estado) VALUES (20,'Benito Juarez',9);

INSERT INTO direccion (id_direccion,calle, cpostal, numerocalle, id_municipio) VALUES (1,'Bartillon', '44772', 31, 3);
INSERT INTO direccion (id_direccion,calle, cpostal, numerocalle, id_municipio) VALUES (2,'Victoria', '61682', 48, 16);
INSERT INTO direccion (id_direccion,calle, cpostal, numerocalle, id_municipio) VALUES (3,'Sauthoff', '46679', 68, 9);
INSERT INTO direccion (id_direccion,calle, cpostal, numerocalle, id_municipio) VALUES (4,'Carioca', '35750', 11, 10);
INSERT INTO direccion (id_direccion,calle, cpostal, numerocalle, id_municipio) VALUES (5,'Debra', '75373', 76, 12);
INSERT INTO direccion (id_direccion,calle, cpostal, numerocalle, id_municipio) VALUES (6,'Forest', '89032', 5, 16);
INSERT INTO direccion (id_direccion,calle, cpostal, numerocalle, id_municipio) VALUES (7,'Hallows', '14633', 73, 5);
INSERT INTO direccion (id_direccion,calle, cpostal, numerocalle, id_municipio) VALUES (8,'Badeau', '42416', 34, 20);
INSERT INTO direccion (id_direccion,calle, cpostal, numerocalle, id_municipio) VALUES (9,'Granby', '98034', 38, 13);
INSERT INTO direccion (id_direccion,calle, cpostal, numerocalle, id_municipio) VALUES (10,'Del Sol', '29555', 35, 4);
INSERT INTO direccion (id_direccion,calle, cpostal, numerocalle, id_municipio) VALUES (11,'Crest Line', '27939', 36, 4);
INSERT INTO direccion (id_direccion,calle, cpostal, numerocalle, id_municipio) VALUES (12,'Fordem', '97324', 13, 13);
INSERT INTO direccion (id_direccion,calle, cpostal, numerocalle, id_municipio) VALUES (13,'Miller', '77754', 82, 3);
INSERT INTO direccion (id_direccion,calle, cpostal, numerocalle, id_municipio) VALUES (14,'Tennyson', '44761', 8, 3);
INSERT INTO direccion (id_direccion,calle, cpostal, numerocalle, id_municipio) VALUES (15,'Maywood', '28785', 41, 8);
INSERT INTO direccion (id_direccion,calle, cpostal, numerocalle, id_municipio) VALUES (16,'Fordem', '94794', 83, 16);
INSERT INTO direccion (id_direccion,calle, cpostal, numerocalle, id_municipio) VALUES (17,'Michigan', '46761', 71, 7);
INSERT INTO direccion (id_direccion,calle, cpostal, numerocalle, id_municipio) VALUES (18,'Erie', '57448', 15, 20);
INSERT INTO direccion (id_direccion,calle, cpostal, numerocalle, id_municipio) VALUES (19,'Del Mar', '92807', 28, 4);
INSERT INTO direccion (id_direccion,calle, cpostal, numerocalle, id_municipio) VALUES (20,'Quincy', '08997', 22, 19);

INSERT INTO cgenero (id_genero,etiqueta) VALUES (1,'Masculino');
INSERT INTO cgenero (id_genero,etiqueta) VALUES (2,'Femenino');
INSERT INTO cgenero (id_genero,etiqueta) VALUES (3,'No Binario');

insert into persona (id_persona,nombre, paterno, materno, correo, nacimiento, telefono, id_genero, id_direccion) values (1,'Meriel', 'Towns', 'Fieller', '3ShDrtTn@gmail.com', '2000-07-29', '0997867402', 1, 5);
insert into persona (id_persona,nombre, paterno, materno, correo, nacimiento, telefono, id_genero, id_direccion) values (2,'Malvin', 'Astin', 'Kubicki', 'wbgk2DFp@gmail.com', '1958-05-12', '3794326683', 2, 2);
insert into persona (id_persona,nombre, paterno, materno, correo, nacimiento, telefono, id_genero, id_direccion) values (3,'Ertha', 'Alves', 'Cherry', 'FzguHIuB@gmail.com', '1934-06-28', '6020242112', 1, 3);
insert into persona (id_persona,nombre, paterno, materno, correo, nacimiento, telefono, id_genero, id_direccion) values (4,'Leda', 'Scarf', 'Rentelll', 'xotqaV0D@gmail.com', '1955-03-06', '9770605589', 1, 8);
insert into persona (id_persona,nombre, paterno, materno, correo, nacimiento, telefono, id_genero, id_direccion) values (5,'Devan', 'Ewart', 'Darter', 'drkIrz5l@gmail.com', '1975-12-27', '4031291342', 3, 4);
insert into persona (id_persona,nombre, paterno, materno, correo, nacimiento, telefono, id_genero, id_direccion) values (6,'Mack', 'Cottier', 'Palfree', 'yfonLHFW@gmail.com', '2011-07-31', '0176494497', 2, 12);
insert into persona (id_persona,nombre, paterno, materno, correo, nacimiento, telefono, id_genero, id_direccion) values (7,'Connie', 'Eaves', 'Adran', 'YDf9uFoz@gmail.com', '1962-02-02', '6704243221', 1, 1);
insert into persona (id_persona,nombre, paterno, materno, correo, nacimiento, telefono, id_genero, id_direccion) values (8,'Lindie', 'Dalling', 'Beneix', 'wenk1P9d@gmail.com', '1938-05-26', '8551235362', 2, 17);
insert into persona (id_persona,nombre, paterno, materno, correo, nacimiento, telefono, id_genero, id_direccion) values (9,'Fredrika', 'Sweed', 'Petruszka', 'Pyaj5p18@gmail.com', '1977-03-13', '2536703432', 2, 12);
insert into persona (id_persona,nombre, paterno, materno, correo, nacimiento, telefono, id_genero, id_direccion) values (10,'Ronny', 'Pottinger', 'Dubarry', '5aReGcKJ@gmail.com', '1959-04-01', '0684750760', 1, 5);
insert into persona (id_persona,nombre, paterno, materno, correo, nacimiento, telefono, id_genero, id_direccion) values (11,'Marina', 'Duffit', 'Tribbeck', 'bU2KFvtH@gmail.com', '1993-06-22', '0941998437', 3, 11);
insert into persona (id_persona,nombre, paterno, materno, correo, nacimiento, telefono, id_genero, id_direccion) values (12,'Dinah', 'Guierre', 'Crowden', '2A2lw7j2@gmail.com', '1938-05-18', '9957392343', 3, 1);
insert into persona (id_persona,nombre, paterno, materno, correo, nacimiento, telefono, id_genero, id_direccion) values (13,'Marylee', 'Castelyn', 'Crohan', 'tujRyiFi@gmail.com', '1962-09-22', '5939489775', 3, 5);
insert into persona (id_persona,nombre, paterno, materno, correo, nacimiento, telefono, id_genero, id_direccion) values (14,'Sher', 'O''Kennavain', 'Vettore', 'yq9jc4yY@gmail.com', '1990-02-09', '7880854692', 1, 13);
insert into persona (id_persona,nombre, paterno, materno, correo, nacimiento, telefono, id_genero, id_direccion) values (15,'Eyde', 'Bleasby', 'Winscomb', 's9uQU1KW@gmail.com', '1931-03-14', '6926725120', 1, 10);
insert into persona (id_persona,nombre, paterno, materno, correo, nacimiento, telefono, id_genero, id_direccion) values (16,'Sadye', 'Portugal', 'Peschke', 'StAQsdvh@gmail.com', '1999-10-25', '7384150207', 1, 2);
insert into persona (id_persona,nombre, paterno, materno, correo, nacimiento, telefono, id_genero, id_direccion) values (17,'Magnum', 'Daingerfield', 'Brewett', 'OicdX39A@gmail.com', '1931-04-21', '2895023862', 3, 1);
insert into persona (id_persona,nombre, paterno, materno, correo, nacimiento, telefono, id_genero, id_direccion) values (18,'Heindrick', 'Cristou', 'Capell', '5iG5oIws@gmail.com', '1997-03-14', '6735184968', 3, 17);
insert into persona (id_persona,nombre, paterno, materno, correo, nacimiento, telefono, id_genero, id_direccion) values (19,'Archambault', 'Matejic', 'Orbell', 'f8iKzbql@gmail.com', '1938-03-26', '7962711598', 1, 9);
insert into persona (id_persona,nombre, paterno, materno, correo, nacimiento, telefono, id_genero, id_direccion) values (20,'Elfrida', 'Payfoot', 'Godridge', 'y0mlyRhw@gmail.com', '1950-03-27', '5897069499', 1, 19);
insert into persona (id_persona,nombre, paterno, materno, correo, nacimiento, telefono, id_genero, id_direccion) values (21,'Abbie', 'Weine', 'Queree', 'wLw9XCdq@gmail.com', '2009-04-13', '1533689700', 3, 17);
insert into persona (id_persona,nombre, paterno, materno, correo, nacimiento, telefono, id_genero, id_direccion) values (22,'Marcelline', 'Kneale', 'Haskew', '8Yzgxbqh@gmail.com', '1979-09-17', '6869791357', 2, 20);
insert into persona (id_persona,nombre, paterno, materno, correo, nacimiento, telefono, id_genero, id_direccion) values (23,'Gweneth', 'Relton', 'Campelli', '14J1ClxE@gmail.com', '1934-11-14', '1414968021', 1, 11);
insert into persona (id_persona,nombre, paterno, materno, correo, nacimiento, telefono, id_genero, id_direccion) values (24,'Marissa', 'Huntley', 'Reame', 'YsLQnetA@gmail.com', '1942-11-02', '4639051412', 1, 17);
insert into persona (id_persona,nombre, paterno, materno, correo, nacimiento, telefono, id_genero, id_direccion) values (25,'Jenny', 'Bum', 'Goney', 'fPKIAWjT@gmail.com', '1985-02-01', '9666696514', 3, 4);
insert into persona (id_persona,nombre, paterno, materno, correo, nacimiento, telefono, id_genero, id_direccion) values (26,'Winslow', 'Jacobsson', 'Englefield', '4yrgW9xl@gmail.com', '1982-06-09', '1911874088', 1, 17);
insert into persona (id_persona,nombre, paterno, materno, correo, nacimiento, telefono, id_genero, id_direccion) values (27,'Adams', 'Mc Pake', 'Pinchin', 'xq2NCjRd@gmail.com', '2007-10-24', '3228363979', 3, 5);
insert into persona (id_persona,nombre, paterno, materno, correo, nacimiento, telefono, id_genero, id_direccion) values (28,'Fredelia', 'Trewinnard', 'Lorkings', 'ybyJpEcC@gmail.com', '2006-03-27', '6485096399', 3, 1);
insert into persona (id_persona,nombre, paterno, materno, correo, nacimiento, telefono, id_genero, id_direccion) values (29,'Anthe', 'Hughson', 'Crosdill', 'PeOzl8VZ@gmail.com', '1943-09-03', '3347233343', 1, 2);
insert into persona (id_persona,nombre, paterno, materno, correo, nacimiento, telefono, id_genero, id_direccion) values (30,'Ashla', 'L'' Anglois', 'Basire', 'hwMEz5om@gmail.com', '1962-02-20', '5407341040', 1, 1);
insert into persona (id_persona,nombre, paterno, materno, correo, nacimiento, telefono, id_genero, id_direccion) values (31,'Shellie', 'Lamming', 'Emerson', 'E4qAIzwt@gmail.com', '2005-07-04', '4588814267', 2, 2);
insert into persona (id_persona,nombre, paterno, materno, correo, nacimiento, telefono, id_genero, id_direccion) values (32,'Meryl', 'Eisikowitch', 'Haucke', 'YeEqY0NV@gmail.com', '1943-06-13', '9278234628', 1, 15);
insert into persona (id_persona,nombre, paterno, materno, correo, nacimiento, telefono, id_genero, id_direccion) values (33,'Howard', 'Kayley', 'Ragate', 'fzs2ILl6@gmail.com', '1943-05-07', '2668992830', 3, 1);
insert into persona (id_persona,nombre, paterno, materno, correo, nacimiento, telefono, id_genero, id_direccion) values (34,'Northrup', 'Rorke', 'Abrahamsen', 'PczXZEs0@gmail.com', '1996-12-17', '4932861829', 3, 16);
insert into persona (id_persona,nombre, paterno, materno, correo, nacimiento, telefono, id_genero, id_direccion) values (35,'Rip', 'De Coursey', 'Portlock', 'uluPVitE@gmail.com', '1959-05-05', '2181099601', 2, 17);
insert into persona (id_persona,nombre, paterno, materno, correo, nacimiento, telefono, id_genero, id_direccion) values (36,'Tobe', 'Heckney', 'Manoch', 'qgMtPldx@gmail.com', '1933-03-31', '0049292517', 1, 18);
insert into persona (id_persona,nombre, paterno, materno, correo, nacimiento, telefono, id_genero, id_direccion) values (37,'Shannan', 'Currao', 'Lautie', 'yJ9IOlln@gmail.com', '1958-04-12', '3690135149', 3, 8);
insert into persona (id_persona,nombre, paterno, materno, correo, nacimiento, telefono, id_genero, id_direccion) values (38,'Ced', 'Ingle', 'Liff', 'TOi4Z9dD@gmail.com', '1961-03-18', '0806235053', 1, 8);
insert into persona (id_persona,nombre, paterno, materno, correo, nacimiento, telefono, id_genero, id_direccion) values (39,'Ian', 'Roalfe', 'Balasini', '0KywfczS@gmail.com', '1988-12-08', '6459118286', 2, 17);
insert into persona (id_persona,nombre, paterno, materno, correo, nacimiento, telefono, id_genero, id_direccion) values (40,'Lesli', 'Di Gregorio', 'Burdekin', 'DYrZAz2Q@gmail.com', '2010-08-17', '6461534601', 3, 10);
insert into persona (id_persona,nombre, paterno, materno, correo, nacimiento, telefono, id_genero, id_direccion) values (41,'Chas', 'Guilaem', 'Pitkeathly', 'O7Fp3mL2@gmail.com', '1960-06-24', '9629648891', 2, 17);
insert into persona (id_persona,nombre, paterno, materno, correo, nacimiento, telefono, id_genero, id_direccion) values (42,'Nilson', 'Jikylls', 'Martusewicz', 'lbVrk9bE@gmail.com', '1945-02-11', '9002650196', 3, 2);
insert into persona (id_persona,nombre, paterno, materno, correo, nacimiento, telefono, id_genero, id_direccion) values (43,'Renelle', 'Nalder', 'Prugel', 'ENyjUx3g@gmail.com', '1961-10-26', '2970437099', 3, 4);
insert into persona (id_persona,nombre, paterno, materno, correo, nacimiento, telefono, id_genero, id_direccion) values (44,'Averil', 'Hendrickx', 'Ogle', 'ktmajih0@gmail.com', '1991-04-26', '3231024676', 2, 11);
insert into persona (id_persona,nombre, paterno, materno, correo, nacimiento, telefono, id_genero, id_direccion) values (45,'Mitchel', 'Frisch', 'Foss', 'mCuz0GqF@gmail.com', '1971-06-25', '8188009348', 2, 2);
insert into persona (id_persona,nombre, paterno, materno, correo, nacimiento, telefono, id_genero, id_direccion) values (46,'Inger', 'Gook', 'Cottu', 'P78hTWll@gmail.com', '1991-01-28', '5484531874', 3, 14);
insert into persona (id_persona,nombre, paterno, materno, correo, nacimiento, telefono, id_genero, id_direccion) values (47,'Ariana', 'Brantl', 'Duchesne', 'TB79kZVX@gmail.com', '1941-08-12', '4975423894', 1, 16);
insert into persona (id_persona,nombre, paterno, materno, correo, nacimiento, telefono, id_genero, id_direccion) values (48,'Geordie', 'Venton', 'Gillise', 'rCsgdMBJ@gmail.com', '1964-01-30', '6043806773', 2, 4);
insert into persona (id_persona,nombre, paterno, materno, correo, nacimiento, telefono, id_genero, id_direccion) values (49,'Emmott', 'Smales', 'Baterip', 'L2nJydMx@gmail.com', '1990-03-23', '2520674281', 1, 3);
insert into persona (id_persona,nombre, paterno, materno, correo, nacimiento, telefono, id_genero, id_direccion) values (50,'Monte', 'Sworder', 'Mattson', '10B4Hy30@gmail.com', '2005-12-18', '1353654412', 2, 20);
insert into persona (id_persona,nombre, paterno, materno, correo, nacimiento, telefono, id_genero, id_direccion) values (51,'Shelby', 'Starsmore', 'Hughesdon', 'gzHN7iKJ@gmail.com', '1989-12-24', '4350344113', 3, 16);
insert into persona (id_persona,nombre, paterno, materno, correo, nacimiento, telefono, id_genero, id_direccion) values (52,'Tracy', 'Cheel', 'Helsdon', 'jFOpEXLb@gmail.com', '1989-06-03', '3535211641', 3, 13);
insert into persona (id_persona,nombre, paterno, materno, correo, nacimiento, telefono, id_genero, id_direccion) values (53,'Elsinore', 'Runchman', 'Quarles', '1q3h8xyW@gmail.com', '1961-08-13', '5058947827', 2, 18);
insert into persona (id_persona,nombre, paterno, materno, correo, nacimiento, telefono, id_genero, id_direccion) values (54,'Pearline', 'Dyers', 'Very', 'ohSu0xYB@gmail.com', '1995-08-17', '3235315254', 3, 8);
insert into persona (id_persona,nombre, paterno, materno, correo, nacimiento, telefono, id_genero, id_direccion) values (55,'Aurea', 'Ranby', 'Pinkerton', '010d21MG@gmail.com', '1963-04-08', '7164649364', 3, 3);
insert into persona (id_persona,nombre, paterno, materno, correo, nacimiento, telefono, id_genero, id_direccion) values (56,'Hillary', 'Piesold', 'Barta', 'u6oefD9W@gmail.com', '1992-10-11', '7458348395', 3, 18);
insert into persona (id_persona,nombre, paterno, materno, correo, nacimiento, telefono, id_genero, id_direccion) values (57,'Anna', 'Lightbourn', 'Alexsandrovich', 'il00o4XS@gmail.com', '1994-06-12', '8828941283', 1, 19);
insert into persona (id_persona,nombre, paterno, materno, correo, nacimiento, telefono, id_genero, id_direccion) values (58,'Gregor', 'Pearsall', 'Peake', 'YS9HwwMe@gmail.com', '1985-12-26', '7542683940', 3, 13);
insert into persona (id_persona,nombre, paterno, materno, correo, nacimiento, telefono, id_genero, id_direccion) values (59,'Valaria', 'Plak', 'Foulds', '4jaMI3Uu@gmail.com', '1959-05-09', '8095592422', 1, 12);
insert into persona (id_persona,nombre, paterno, materno, correo, nacimiento, telefono, id_genero, id_direccion) values (60,'Alexa', 'Keeves', 'Habbes', 'sptQ8C0W@gmail.com', '1985-11-21', '6353317306', 3, 9);
insert into persona (id_persona,nombre, paterno, materno, correo, nacimiento, telefono, id_genero, id_direccion) values (61,'Willi', 'Yarranton', 'Cadd', '0Q8I7AdW@gmail.com', '1977-05-19', '2789337020', 3, 8);
insert into persona (id_persona,nombre, paterno, materno, correo, nacimiento, telefono, id_genero, id_direccion) values (62,'Lon', 'Franey', 'Gotts', 'DKwpbtM2@gmail.com', '1969-09-24', '6851132016', 1, 12);
insert into persona (id_persona,nombre, paterno, materno, correo, nacimiento, telefono, id_genero, id_direccion) values (63,'Batholomew', 'Hotchkin', 'Lethieulier', 'sx9bdHMv@gmail.com', '1977-11-29', '5279296165', 3, 12);
insert into persona (id_persona,nombre, paterno, materno, correo, nacimiento, telefono, id_genero, id_direccion) values (64,'Erie', 'Riddle', 'Syrie', 'ldPbbiF9@gmail.com', '1990-09-09', '9154743388', 1, 11);
insert into persona (id_persona,nombre, paterno, materno, correo, nacimiento, telefono, id_genero, id_direccion) values (65,'Nonie', 'Duval', 'Rampton', 'Zd1BqOmv@gmail.com', '1975-11-23', '8649171769', 1, 2);
insert into persona (id_persona,nombre, paterno, materno, correo, nacimiento, telefono, id_genero, id_direccion) values (66,'Giles', 'Tuffin', 'Hunt', 'qThtMWpo@gmail.com', '1984-01-13', '6316939835', 1, 8);
insert into persona (id_persona,nombre, paterno, materno, correo, nacimiento, telefono, id_genero, id_direccion) values (67,'Marius', 'Lamba', 'Slides', 'enIDN9Tc@gmail.com', '1960-10-05', '9036125917', 3, 1);
insert into persona (id_persona,nombre, paterno, materno, correo, nacimiento, telefono, id_genero, id_direccion) values (68,'Ogdan', 'Vassel', 'Oldfield', 'FL6anKVw@gmail.com', '1999-10-30', '1669254286', 2, 6);
insert into persona (id_persona,nombre, paterno, materno, correo, nacimiento, telefono, id_genero, id_direccion) values (69,'Kin', 'Llop', 'Minchindon', 'xSv6hqo6@gmail.com', '1983-11-04', '7618449864', 2, 15);
insert into persona (id_persona,nombre, paterno, materno, correo, nacimiento, telefono, id_genero, id_direccion) values (70,'Daveta', 'Stiggles', 'Boddam', 'FkcISx6q@gmail.com', '1981-10-22', '4186243034', 2, 8);
insert into persona (id_persona,nombre, paterno, materno, correo, nacimiento, telefono, id_genero, id_direccion) values (71,'Odey', 'Barnwill', 'Isgar', '7pyOWa4x@gmail.com', '1975-09-12', '9090032624', 2, 11);
insert into persona (id_persona,nombre, paterno, materno, correo, nacimiento, telefono, id_genero, id_direccion) values (72,'Holly', 'McKendry', 'Saynor', 'OkpU3nDB@gmail.com', '1965-10-11', '8439308793', 1, 6);
insert into persona (id_persona,nombre, paterno, materno, correo, nacimiento, telefono, id_genero, id_direccion) values (73,'Bradly', 'Yearsley', 'Wolsey', 'hBDrJ26Y@gmail.com', '1961-10-25', '5112886946', 1, 5);
insert into persona (id_persona,nombre, paterno, materno, correo, nacimiento, telefono, id_genero, id_direccion) values (74,'Thatch', 'Tawn', 'Nuzzetti', 'GSxK4nVC@gmail.com', '1991-02-06', '8613949520', 2, 10);
insert into persona (id_persona,nombre, paterno, materno, correo, nacimiento, telefono, id_genero, id_direccion) values (75,'Elisabetta', 'Preble', 'MacNab', 'x2IGdyAn@gmail.com', '1990-09-02', '5991516252', 3, 1);
insert into persona (id_persona,nombre, paterno, materno, correo, nacimiento, telefono, id_genero, id_direccion) values (76,'Renard', 'Lynnitt', 'Corran', 'pER5ZgEY@gmail.com', '1979-06-21', '4732966995', 3, 2);
insert into persona (id_persona,nombre, paterno, materno, correo, nacimiento, telefono, id_genero, id_direccion) values (77,'Nolie', 'Sawbridge', 'cornhill', 'jF5v1bTU@gmail.com', '1996-04-19', '2911572991', 1, 7);
insert into persona (id_persona,nombre, paterno, materno, correo, nacimiento, telefono, id_genero, id_direccion) values (78,'Dulce', 'Arons', 'Mc Gaughey', 'AQQ7p6TP@gmail.com', '1978-11-28', '2143739815', 2, 12);
insert into persona (id_persona,nombre, paterno, materno, correo, nacimiento, telefono, id_genero, id_direccion) values (79,'Paige', 'Chasteney', 'Peidro', 'saufmhqq@gmail.com', '1999-08-20', '2334439774', 2, 20);
insert into persona (id_persona,nombre, paterno, materno, correo, nacimiento, telefono, id_genero, id_direccion) values (80,'Herta', 'Righy', 'Manjin', 'iuHv2d6F@gmail.com', '1956-01-20', '7450353934', 2, 11);
insert into persona (id_persona,nombre, paterno, materno, correo, nacimiento, telefono, id_genero, id_direccion) values (81,'Quent', 'Sheara', 'Cummungs', '90ZJqYj5@gmail.com', '1985-11-14', '9250474882', 1, 10);
insert into persona (id_persona,nombre, paterno, materno, correo, nacimiento, telefono, id_genero, id_direccion) values (82,'Kahlil', 'Stanlack', 'Yallowley', 'kvfJh51G@gmail.com', '1988-02-19', '7314340221', 2, 7);
insert into persona (id_persona,nombre, paterno, materno, correo, nacimiento, telefono, id_genero, id_direccion) values (83,'Annetta', 'Thorlby', 'Thackwray', 'TXL0hbG0@gmail.com', '1978-12-26', '3704136867', 3, 1);
insert into persona (id_persona,nombre, paterno, materno, correo, nacimiento, telefono, id_genero, id_direccion) values (84,'Roxy', 'Kirkwood', 'Muzzall', 'MV6OLgAd@gmail.com', '1954-12-26', '1615671733', 1, 18);
insert into persona (id_persona,nombre, paterno, materno, correo, nacimiento, telefono, id_genero, id_direccion) values (85,'Clair', 'Shellum', 'Hankin', 'hzFjDYvH@gmail.com', '1991-10-20', '4981713235', 1, 17);

insert into especialidad (id_especialidad,especialidad) values (1,'sin especialidad');
insert into especialidad (id_especialidad,especialidad) values (2,'cardiologia');
insert into especialidad (id_especialidad,especialidad) values (3,'alergologia');
insert into especialidad (id_especialidad,especialidad) values (4,'dermatologia');
insert into especialidad (id_especialidad,especialidad) values (5,'traumatologia');
insert into especialidad (id_especialidad,especialidad) values (6,'otorrinolaringologia');
insert into especialidad (id_especialidad,especialidad) values (7,'cirugia general');
insert into especialidad (id_especialidad,especialidad) values (8,'neumonologia');
insert into especialidad (id_especialidad,especialidad) values (9,'neurologia');
insert into especialidad (id_especialidad,especialidad) values (10,'psiquiatria');
insert into especialidad (id_especialidad,especialidad) values (11,'oftalmologia');
insert into especialidad (id_especialidad,especialidad) values (12,'pediatria');
insert into especialidad (id_especialidad,especialidad) values (13,'geriatria');
insert into especialidad (id_especialidad,especialidad) values (14,'ginecologia');
insert into especialidad (id_especialidad,especialidad) values (15,'oncologia');

insert into ctipopersonal (id_tipopersonal,tpersonal) values (1,'medico');
insert into ctipopersonal (id_tipopersonal,tpersonal) values (2,'enfermero');
insert into ctipopersonal (id_tipopersonal,tpersonal) values (3,'farmaceutico');
insert into ctipopersonal (id_tipopersonal,tpersonal) values (4,'recepcionista');

insert into personal (id_personal,rfc, cedula, sueldo, id_persona, id_tipopersonal) values (1,'YOKJ400517FD0', '91888592', 13856, 51, 1);--1
insert into personal (id_personal,rfc, cedula, sueldo, id_persona, id_tipopersonal) values (2,'GBHF406445O7G', '94169863', 25374, 52, 2);--2
insert into personal (id_personal,rfc, cedula, sueldo, id_persona, id_tipopersonal) values (3,'ZWLD102579YXT', '32891020', 15998, 53, 3);--3
insert into personal (id_personal,rfc, cedula, sueldo, id_persona, id_tipopersonal) values (4,'NBLB805522068', '92611972', 20973, 54, 1);--4
insert into personal (id_personal,rfc, cedula, sueldo, id_persona, id_tipopersonal) values (5,'KTEJ6678485I0', '45588247', 11305, 55, 3);--5
insert into personal (id_personal,rfc, cedula, sueldo, id_persona, id_tipopersonal) values (6,'YOXY046151J7R', '62075514', 23550, 56, 3);--6
insert into personal (id_personal,rfc, cedula, sueldo, id_persona, id_tipopersonal) values (7,'HIAP124888HJA', '76497562', 25317, 57, 2);--7
insert into personal (id_personal,rfc, cedula, sueldo, id_persona, id_tipopersonal) values (8,'ORZC293678SYB', '30806710', 22936, 58, 3);--8
insert into personal (id_personal,rfc, cedula, sueldo, id_persona, id_tipopersonal) values (9,'LXDG002104BW7', '97004584', 26876, 59, 1);--9
insert into personal (id_personal,rfc, cedula, sueldo, id_persona, id_tipopersonal) values (10,'SSTT067243UT8', '38814957', 17780, 60, 2);--10
insert into personal (id_personal,rfc, cedula, sueldo, id_persona, id_tipopersonal) values (11,'XEQI256670N4O', '21748537', 20826, 61, 1);--11
insert into personal (id_personal,rfc, cedula, sueldo, id_persona, id_tipopersonal) values (12,'TVVQ0640221NA', '63538037', 19681, 62, 2);--12
insert into personal (id_personal,rfc, cedula, sueldo, id_persona, id_tipopersonal) values (13,'SXQT363680QEH', '30286520', 28660, 63, 2);--13
insert into personal (id_personal,rfc, cedula, sueldo, id_persona, id_tipopersonal) values (14,'TBSZ155189P6F', '02125629', 20608, 64, 1);--14
insert into personal (id_personal,rfc, cedula, sueldo, id_persona, id_tipopersonal) values (15,'PUNF826222WCG', '37170415', 11289, 65, 2);--15
insert into personal (id_personal,rfc, cedula, sueldo, id_persona, id_tipopersonal) values (16,'PUKQ205309HLT', '81399271', 23916, 66, 3);--16
insert into personal (id_personal,rfc, cedula, sueldo, id_persona, id_tipopersonal) values (17,'DPWM3032493JJ', '62122307', 19780, 67, 3);--17
insert into personal (id_personal,rfc, cedula, sueldo, id_persona, id_tipopersonal) values (18,'YBIF1751199LX', '28215510', 14305, 68, 2);--18
insert into personal (id_personal,rfc, cedula, sueldo, id_persona, id_tipopersonal) values (19,'JVWJ311847LTL', '22200653', 14480, 69, 4);--19
insert into personal (id_personal,rfc, cedula, sueldo, id_persona, id_tipopersonal) values (20,'YDQO464507UPS', '57905004', 28229, 70, 4);--20
insert into personal (id_personal,rfc, cedula, sueldo, id_persona, id_tipopersonal) values (21,'FAWT551565HXS', '17092541', 22487, 71, 1);--21
insert into personal (id_personal,rfc, cedula, sueldo, id_persona, id_tipopersonal) values (22,'AKDN554614EIY', '94502136', 29701, 72, 1);
insert into personal (id_personal,rfc, cedula, sueldo, id_persona, id_tipopersonal) values (23,'NTAA1356273XK', '96430258', 19603, 73, 1);
insert into personal (id_personal,rfc, cedula, sueldo, id_persona, id_tipopersonal) values (24,'GCQW5646770AW', '05945929', 24658, 74, 1);
insert into personal (id_personal,rfc, cedula, sueldo, id_persona, id_tipopersonal) values (25,'EDBK752946FOH', '86420624', 11457, 75, 1);
insert into personal (id_personal,rfc, cedula, sueldo, id_persona, id_tipopersonal) values (26,'JAID88722364A', '94562643', 21565, 76, 1);
insert into personal (id_personal,rfc, cedula, sueldo, id_persona, id_tipopersonal) values (27,'UTTH494358KK2', '16162317', 22044, 77, 1);
insert into personal (id_personal,rfc, cedula, sueldo, id_persona, id_tipopersonal) values (28,'GBXT991801OY8', '67438564', 26440, 78, 1);
insert into personal (id_personal,rfc, cedula, sueldo, id_persona, id_tipopersonal) values (29,'RXTM076826W9Q', '04142611', 23739, 79, 1);
insert into personal (id_personal,rfc, cedula, sueldo, id_persona, id_tipopersonal) values (30,'FWKG3161561FN', '37421646', 24860, 80, 1);
insert into personal (id_personal,rfc, cedula, sueldo, id_persona, id_tipopersonal) values (31,'FUDT199791W4D', '78120775', 19358, 81, 1);
insert into personal (id_personal,rfc, cedula, sueldo, id_persona, id_tipopersonal) values (32,'TBOD104340TOY', '00062300', 26153, 82, 1);
insert into personal (id_personal,rfc, cedula, sueldo, id_persona, id_tipopersonal) values (33,'MNBK301948MPR', '86698151', 20179, 83, 1);
insert into personal (id_personal,rfc, cedula, sueldo, id_persona, id_tipopersonal) values (34,'TKZG853231SQX', '42805732', 25463, 84, 1);
insert into personal (id_personal,rfc, cedula, sueldo, id_persona, id_tipopersonal) values (35,'YERT29977720K', '21456459', 28585, 85, 1);

insert into cuniversidad (id_universidad,universidad) values (1,'Caribbean University');
insert into cuniversidad (id_universidad,universidad) values (2,'Jahrom University of Medical Sciences');
insert into cuniversidad (id_universidad,universidad) values (3,'Virginia Wesleyan College');
insert into cuniversidad (id_universidad,universidad) values (4,'Norton University');
insert into cuniversidad (id_universidad,universidad) values (5,'Art Institute of Southern California');
insert into cuniversidad (id_universidad,universidad) values (6,'Ho Polytechnic ');
insert into cuniversidad (id_universidad,universidad) values (7,'Lithunian Institute Education');
insert into cuniversidad (id_universidad,universidad) values (8,'Osaka Dental University');
insert into cuniversidad (id_universidad,universidad) values (9,'Hogeschool voor de Kunsten Utrecht');
insert into cuniversidad (id_universidad,universidad) values (10,'Clarke College');
insert into cuniversidad (id_universidad,universidad) values (11,'Nora Bint Abdulrahman University');
insert into cuniversidad (id_universidad,universidad) values (12,'Pwani University');
insert into cuniversidad (id_universidad,universidad) values (13,'Meharry Medical College');
insert into cuniversidad (id_universidad,universidad) values (14,'Hamamatsu University');
insert into cuniversidad (id_universidad,universidad) values (15,'Divine Word College');
insert into cuniversidad (id_universidad,universidad) values (16,'Wells College');
insert into cuniversidad (id_universidad,universidad) values (17,'Singapore Management University');
insert into cuniversidad (id_universidad,universidad) values (18,'Centre Universitaire de Tiaret');
insert into cuniversidad (id_universidad,universidad) values (19,'Saitama University');
insert into cuniversidad (id_universidad,universidad) values (20,'Universitas Terbuka Indonesia');

insert into especialista (id_especialista,id_universidad, id_personal) values (1,3,1);
insert into especialista (id_especialista,id_universidad, id_personal) values (2,7,4);
insert into especialista (id_especialista,id_universidad, id_personal) values (3,14,9);
insert into especialista (id_especialista,id_universidad, id_personal) values (4,11,11);
insert into especialista (id_especialista,id_universidad, id_personal) values (5,2,14);
insert into especialista (id_especialista,id_universidad, id_personal) values (6,12, 21);
insert into especialista (id_especialista,id_universidad, id_personal) values (7,1, 22);
insert into especialista (id_especialista,id_universidad, id_personal) values (8,12, 23);
insert into especialista (id_especialista,id_universidad, id_personal) values (9,11, 24);
insert into especialista (id_especialista,id_universidad, id_personal) values (10,6, 25);
insert into especialista (id_especialista,id_universidad, id_personal) values (11,2, 26);
insert into especialista (id_especialista,id_universidad, id_personal) values (12,8, 27);
insert into especialista (id_especialista,id_universidad, id_personal) values (13,18, 28);
insert into especialista (id_especialista,id_universidad, id_personal) values (14,1, 29);
insert into especialista (id_especialista,id_universidad, id_personal) values (15,3, 30);
insert into especialista (id_especialista,id_universidad, id_personal) values (16,3, 31);
insert into especialista (id_especialista,id_universidad, id_personal) values (17,14, 32);
insert into especialista (id_especialista,id_universidad, id_personal) values (18,14, 33);
insert into especialista (id_especialista,id_universidad, id_personal) values (19,12, 34);
insert into especialista (id_especialista,id_universidad, id_personal) values (20,8, 35);

insert into especialista_especialidad (id_especialista_especialidad,id_especialista, id_especialidad) values (1,9, 13);
insert into especialista_especialidad (id_especialista_especialidad,id_especialista, id_especialidad) values (2,17, 7);
insert into especialista_especialidad (id_especialista_especialidad,id_especialista, id_especialidad) values (3,3, 4);
insert into especialista_especialidad (id_especialista_especialidad,id_especialista, id_especialidad) values (4,8, 9);
insert into especialista_especialidad (id_especialista_especialidad,id_especialista, id_especialidad) values (5,10, 15);
insert into especialista_especialidad (id_especialista_especialidad,id_especialista, id_especialidad) values (6,5, 10);
insert into especialista_especialidad (id_especialista_especialidad,id_especialista, id_especialidad) values (7,18, 8);
insert into especialista_especialidad (id_especialista_especialidad,id_especialista, id_especialidad) values (8,13, 4);
insert into especialista_especialidad (id_especialista_especialidad,id_especialista, id_especialidad) values (9,6, 5);
insert into especialista_especialidad (id_especialista_especialidad,id_especialista, id_especialidad) values (10,16, 6);
insert into especialista_especialidad (id_especialista_especialidad,id_especialista, id_especialidad) values (11,11, 4);
insert into especialista_especialidad (id_especialista_especialidad,id_especialista, id_especialidad) values (12,6, 6);
insert into especialista_especialidad (id_especialista_especialidad,id_especialista, id_especialidad) values (13,1, 12);
insert into especialista_especialidad (id_especialista_especialidad,id_especialista, id_especialidad) values (14,11, 1);
insert into especialista_especialidad (id_especialista_especialidad,id_especialista, id_especialidad) values (15,17, 11);
insert into especialista_especialidad (id_especialista_especialidad,id_especialista, id_especialidad) values (16,7, 3);
insert into especialista_especialidad (id_especialista_especialidad,id_especialista, id_especialidad) values (17,17, 14);

insert into ctiposangre (id_tiposangre,tiposangre) values (1,'A+');
insert into ctiposangre (id_tiposangre,tiposangre) values (2,'A-');
insert into ctiposangre (id_tiposangre,tiposangre) values (3,'B+');
insert into ctiposangre (id_tiposangre,tiposangre) values (4,'B-');
insert into ctiposangre (id_tiposangre,tiposangre) values (5,'AB+');
insert into ctiposangre (id_tiposangre,tiposangre) values (6,'AB-');
insert into ctiposangre (id_tiposangre,tiposangre) values (7,'O+');
insert into ctiposangre (id_tiposangre,tiposangre) values (8,'O-');

insert into paciente (id_paciente,curp, id_persona, id_tiposangre) values (1,'FKZI451431CCCYBUIK', 37, 7);
insert into paciente (id_paciente,curp, id_persona, id_tiposangre) values (2,'IYTJ510024FHCM79WO', 33, 5);
insert into paciente (id_paciente,curp, id_persona, id_tiposangre) values (3,'AWIK619047APB8GLMA', 30, 4);
insert into paciente (id_paciente,curp, id_persona, id_tiposangre) values (4,'TSSO271720IOZG04XU', 11, 2);
insert into paciente (id_paciente,curp, id_persona, id_tiposangre) values (5,'RCYP906886FMO6NXXP', 36, 8);
insert into paciente (id_paciente,curp, id_persona, id_tiposangre) values (6,'XVAB350359VXYA4YYU', 29, 2);
insert into paciente (id_paciente,curp, id_persona, id_tiposangre) values (7,'NBYQ381617IQNKX0WQ', 20, 2);
insert into paciente (id_paciente,curp, id_persona, id_tiposangre) values (8,'JQMD132132AQT6YWAB', 6, 2);
insert into paciente (id_paciente,curp, id_persona, id_tiposangre) values (9,'IANL150972WXHSNL9U', 44, 1);
insert into paciente (id_paciente,curp, id_persona, id_tiposangre) values (10,'HYUI201758YQBHR8VG', 38, 5);
insert into paciente (id_paciente,curp, id_persona, id_tiposangre) values (11,'ZTUE615692IXWSP1BO', 1, 6);
insert into paciente (id_paciente,curp, id_persona, id_tiposangre) values (12,'JNSB238447DEWUE6XI', 5, 6);
insert into paciente (id_paciente,curp, id_persona, id_tiposangre) values (13,'NVDV333739YJU0KUIG', 40, 1);
insert into paciente (id_paciente,curp, id_persona, id_tiposangre) values (14,'PKLS871408NVLJKXOK', 7, 1);
insert into paciente (id_paciente,curp, id_persona, id_tiposangre) values (15,'VYYC164118ASBRC09T', 35, 1);
insert into paciente (id_paciente,curp, id_persona, id_tiposangre) values (16,'HJJC162635HJNQI5XX', 50, 8);
insert into paciente (id_paciente,curp, id_persona, id_tiposangre) values (17,'LRYW127720NKZEQ2WG', 13, 6);
insert into paciente (id_paciente,curp, id_persona, id_tiposangre) values (18,'JWHJ320460ZQTZODQI', 39, 8);
insert into paciente (id_paciente,curp, id_persona, id_tiposangre) values (19,'AIXX536169THKIEWYM', 43, 5);
insert into paciente (id_paciente,curp, id_persona, id_tiposangre) values (20,'JZCP443590IHGDGSKD', 40, 5);
insert into paciente (id_paciente,curp, id_persona, id_tiposangre) values (21,'SDFG553100TYUIOPZX', 60, 1);
insert into paciente (id_paciente,curp, id_persona, id_tiposangre) values (22,'QWER334455ZXCVBNML', 61, 2);

insert into calergia (id_alergia,alergia) values (1,'Polen');
insert into calergia (id_alergia,alergia) values (2,'Abejas');
insert into calergia (id_alergia,alergia) values (3,'Latex');
insert into calergia (id_alergia,alergia) values (4,'Mariscos');
insert into calergia (id_alergia,alergia) values (5,'Penicilina');
insert into calergia (id_alergia,alergia) values (6,'Avispa');
insert into calergia (id_alergia,alergia) values (7,'Acaros');
insert into calergia (id_alergia,alergia) values (8,'Acido acetil salicilico');
insert into calergia (id_alergia,alergia) values (9,'Fresas');
insert into calergia (id_alergia,alergia) values (10,'Perros');
insert into calergia (id_alergia,alergia) values (11,'Gatos');
insert into calergia (id_alergia,alergia) values (12,'Polvo');
insert into calergia (id_alergia,alergia) values (13,'Chocolate');
insert into calergia (id_alergia,alergia) values (14,'Cacahuates');
insert into calergia (id_alergia,alergia) values (15,'Anestesia');
insert into calergia (id_alergia,alergia) values (16,'Sulfamidas');
insert into calergia (id_alergia,alergia) values (17,'Insulina');

insert into calergia_paciente (id_alergia_paciente,id_alergia, id_paciente) values (1,11, 5);
insert into calergia_paciente (id_alergia_paciente,id_alergia, id_paciente) values (2,14, 14);
insert into calergia_paciente (id_alergia_paciente,id_alergia, id_paciente) values (3,6, 20);
insert into calergia_paciente (id_alergia_paciente,id_alergia, id_paciente) values (4,6, 8);
insert into calergia_paciente (id_alergia_paciente,id_alergia, id_paciente) values (5,11, 9);
insert into calergia_paciente (id_alergia_paciente,id_alergia, id_paciente) values (6,3, 1);
insert into calergia_paciente (id_alergia_paciente,id_alergia, id_paciente) values (7,1, 18);
insert into calergia_paciente (id_alergia_paciente,id_alergia, id_paciente) values (8,11, 7);
insert into calergia_paciente (id_alergia_paciente,id_alergia, id_paciente) values (9,4, 9);
insert into calergia_paciente (id_alergia_paciente,id_alergia, id_paciente) values (10,12, 1);
insert into calergia_paciente (id_alergia_paciente,id_alergia, id_paciente) values (11,10, 19);
insert into calergia_paciente (id_alergia_paciente,id_alergia, id_paciente) values (12,10, 12);
insert into calergia_paciente (id_alergia_paciente,id_alergia, id_paciente) values (13,11, 19);
insert into calergia_paciente (id_alergia_paciente,id_alergia, id_paciente) values (14,9, 15);
insert into calergia_paciente (id_alergia_paciente,id_alergia, id_paciente) values (15,7, 12);
insert into calergia_paciente (id_alergia_paciente,id_alergia, id_paciente) values (16,15, 8);
insert into calergia_paciente (id_alergia_paciente,id_alergia, id_paciente) values (17,5, 8);
insert into calergia_paciente (id_alergia_paciente,id_alergia, id_paciente) values (18,14, 16);

insert into medicamento (id_medicamento,medicamento) values (1,'Amoxicilina');--1
insert into medicamento (id_medicamento,medicamento) values (2,'Penicilina');--2
insert into medicamento (id_medicamento,medicamento) values (3,'Benzocaina');--3
insert into medicamento (id_medicamento,medicamento) values (4,'Lidocaina');--4
insert into medicamento (id_medicamento,medicamento) values (5,'Mepivacaina');--5
insert into medicamento (id_medicamento,medicamento) values (6,'Paracetamol');--6
insert into medicamento (id_medicamento,medicamento) values (7,'Omeprazol');--7
insert into medicamento (id_medicamento,medicamento) values (8,'Acido acetil salicilico');--8
insert into medicamento (id_medicamento,medicamento) values (9,'Ketorolaco');--9
insert into medicamento (id_medicamento,medicamento) values (10,'Ramipril');--10
insert into medicamento (id_medicamento,medicamento) values (11,'Dexametasona');--11
insert into medicamento (id_medicamento,medicamento) values (12,'Aciclovir');--12
insert into medicamento (id_medicamento,medicamento) values (13,'Acarbosa');--13
insert into medicamento (id_medicamento,medicamento) values (14,'Naproxeno');--14
insert into medicamento (id_medicamento,medicamento) values (15,'Ibuprofeno');--15
insert into medicamento (id_medicamento,medicamento) values (16,'Benzonatato');--16
insert into medicamento (id_medicamento,medicamento) values (17,'Beclometasona');--17
insert into medicamento (id_medicamento,medicamento) values (18,'Epinefrina');--18
insert into medicamento (id_medicamento,medicamento) values (19,'Loratadina');--19
insert into medicamento (id_medicamento,medicamento) values (20,'Trimebutina');--20
insert into medicamento (id_medicamento,medicamento) values (21,'Losartan');--21
insert into medicamento (id_medicamento,medicamento) values (22,'Pravastatina');--22
insert into medicamento (id_medicamento,medicamento) values (23,'Claritromicina');--23
insert into medicamento (id_medicamento,medicamento) values (24,'Ciprofloxacina');--24
insert into medicamento (id_medicamento,medicamento) values (25,'Acetil cefuroxima');--25
insert into medicamento (id_medicamento,medicamento) values (26,'Ambroxol');--26
insert into medicamento (id_medicamento,medicamento) values (27,'Terbinafina');--27
insert into medicamento (id_medicamento,medicamento) values (28,'Metformina'); --28

insert into recetamedica (id_receta,tratamiento) values (1,'Omeprazol de 20 mg cada 12 horas por 1 semana');
insert into recetamedica (id_receta,tratamiento) values (2,'Paracetamol de 500mg cada 8 horas por tres dias o en caso de fiebre');
insert into recetamedica (id_receta,tratamiento) values (3,'Acarbosa de 50 mg cada 24 horas en el desayuno');
insert into recetamedica (id_receta,tratamiento) values (4,'Ibuprofeno suspensión 5ml cada 8 horas por 2 dias');
insert into recetamedica (id_receta,tratamiento) values (5,'Aspirina protec de 100mg cada 24 horas');
insert into recetamedica (id_receta,tratamiento) values (6,'Losartan de 50 mg cada 12 horas');
insert into recetamedica (id_receta,tratamiento) values (7,'Metformina de 850 mg, una en el desayuno y una en la cena');
insert into recetamedica (id_receta,tratamiento) values (8,'Loratadina de 10 mg una cada 24 horas por 5 dias');
insert into recetamedica (id_receta,tratamiento) values (9,'Benzonatato de 100 mg, una cada 8 horas por 5 dias');
insert into recetamedica (id_receta,tratamiento) values (10,'Claritromicina de 500 mg cada 12 horas por 5 dias');
insert into recetamedica (id_receta,tratamiento) values (11,'Ciprofloxacina de 500 mg cada 12 horas por una semana');
insert into recetamedica (id_receta,tratamiento) values (12,'Trimebutina de 200 mg cada 8 horas 3 dias');
insert into recetamedica (id_receta,tratamiento) values (13,'Acetil cefuroxima de 250 mg cada 12 horas por 7 dias');
insert into recetamedica (id_receta,tratamiento) values (14,'Pravastatina cada 24 horas');
insert into recetamedica (id_receta,tratamiento) values (15,'Ambroxol 5ml cada 8 horas por 5 dias');
insert into recetamedica (id_receta,tratamiento) values (16,'Terbinafina de 250 mg cadid_medicamento_receta,a 24 horas por 3 meses');

insert into medicamento_receta (id_medicamento_receta,id_medicamento, id_receta, cantidad) values (1,7,1,1);
insert into medicamento_receta (id_medicamento_receta,id_medicamento, id_receta, cantidad) values (2,6,2,1);
insert into medicamento_receta (id_medicamento_receta,id_medicamento, id_receta, cantidad) values (3,13,3,2);
insert into medicamento_receta (id_medicamento_receta,id_medicamento, id_receta, cantidad) values (4,15,4,1);
insert into medicamento_receta (id_medicamento_receta,id_medicamento, id_receta, cantidad) values (5,8,5,1);
insert into medicamento_receta (id_medicamento_receta,id_medicamento, id_receta, cantidad) values (6,21,6,1);
insert into medicamento_receta (id_medicamento_receta,id_medicamento, id_receta, cantidad) values (7,28,7,2);
insert into medicamento_receta (id_medicamento_receta,id_medicamento, id_receta, cantidad) values (8,19,8,1);
insert into medicamento_receta (id_medicamento_receta,id_medicamento, id_receta, cantidad) values (9,16,9,1);
insert into medicamento_receta (id_medicamento_receta,id_medicamento, id_receta, cantidad) values (10,23,10,1);
insert into medicamento_receta (id_medicamento_receta,id_medicamento, id_receta, cantidad) values (11,24,11,1);
insert into medicamento_receta (id_medicamento_receta,id_medicamento, id_receta, cantidad) values (12,20,12,1);
insert into medicamento_receta (id_medicamento_receta,id_medicamento, id_receta, cantidad) values (13,25,13,2);
insert into medicamento_receta (id_medicamento_receta,id_medicamento, id_receta, cantidad) values (14,22,14,3);
insert into medicamento_receta (id_medicamento_receta,id_medicamento, id_receta, cantidad) values (15,26,15,1);
insert into medicamento_receta (id_medicamento_receta,id_medicamento, id_receta, cantidad) values (16,27,16,3);

insert into venta (id_venta,fecha, costo, hora) values (1,'2018-08-02', 392, '20:01');
insert into venta (id_venta,fecha, costo, hora) values (2,'2001-07-24', 282, '11:22');
insert into venta (id_venta,fecha, costo, hora) values (3,'2004-05-28', 307, '11:38');
insert into venta (id_venta,fecha, costo, hora) values (4,'2021-11-03', 485, '17:51');
insert into venta (id_venta,fecha, costo, hora) values (5,'2003-02-16', 826, '5:58');
insert into venta (id_venta,fecha, costo, hora) values (6,'2021-03-30', 688, '9:03');
insert into venta (id_venta,fecha, costo, hora) values (7,'2017-10-03', 312, '9:20');
insert into venta (id_venta,fecha, costo, hora) values (8,'2014-12-11', 265, '8:40');
insert into venta (id_venta,fecha, costo, hora) values (9,'2006-12-10', 794, '18:12');
insert into venta (id_venta,fecha, costo, hora) values (10,'2020-07-26', 796, '8:02');
insert into venta (id_venta,fecha, costo, hora) values (11,'2005-02-12', 810, '8:03');
insert into venta (id_venta,fecha, costo, hora) values (12,'2021-12-03', 240, '23:38');
insert into venta (id_venta,fecha, costo, hora) values (13,'2014-02-20', 649, '11:36');
insert into venta (id_venta,fecha, costo, hora) values (14,'2013-11-27', 428, '13:30');
insert into venta (id_venta,fecha, costo, hora) values (15,'2004-08-11', 810, '6:20');
insert into venta (id_venta,fecha, costo, hora) values (16,'2003-12-05', 317, '20:53');
insert into venta (id_venta,fecha, costo, hora) values (17,'2017-05-12', 510, '20:19');
insert into venta (id_venta,fecha, costo, hora) values (18,'2001-11-04', 660, '8:52');
insert into venta (id_venta,fecha, costo, hora) values (19,'2006-02-04', 698, '19:19');
insert into venta (id_venta,fecha, costo, hora) values (20,'2000-04-10', 219, '16:08');

insert into medicamento_venta (id_medicamento_venta,id_medicamento, id_venta) values (1,24, 13);
insert into medicamento_venta (id_medicamento_venta,id_medicamento, id_venta) values (2,19, 1);
insert into medicamento_venta (id_medicamento_venta,id_medicamento, id_venta) values (3,12, 13);
insert into medicamento_venta (id_medicamento_venta,id_medicamento, id_venta) values (4,28, 8);
insert into medicamento_venta (id_medicamento_venta,id_medicamento, id_venta) values (5,19, 14);
insert into medicamento_venta (id_medicamento_venta,id_medicamento, id_venta) values (6,2, 3);
insert into medicamento_venta (id_medicamento_venta,id_medicamento, id_venta) values (7,3, 3);
insert into medicamento_venta (id_medicamento_venta,id_medicamento, id_venta) values (8,18, 15);
insert into medicamento_venta (id_medicamento_venta,id_medicamento, id_venta) values (9,25, 6);
insert into medicamento_venta (id_medicamento_venta,id_medicamento, id_venta) values (10,17, 20);
insert into medicamento_venta (id_medicamento_venta,id_medicamento, id_venta) values (11,21, 20);
insert into medicamento_venta (id_medicamento_venta,id_medicamento, id_venta) values (12,13, 15);
insert into medicamento_venta (id_medicamento_venta,id_medicamento, id_venta) values (13,24, 4);
insert into medicamento_venta (id_medicamento_venta,id_medicamento, id_venta) values (14,24, 13);
insert into medicamento_venta (id_medicamento_venta,id_medicamento, id_venta) values (15,16, 7);
insert into medicamento_venta (id_medicamento_venta,id_medicamento, id_venta) values (16,11, 12);
insert into medicamento_venta (id_medicamento_venta,id_medicamento, id_venta) values (17,25, 6);
insert into medicamento_venta (id_medicamento_venta,id_medicamento, id_venta) values (18,12, 11);
insert into medicamento_venta (id_medicamento_venta,id_medicamento, id_venta) values (19,1, 16);
insert into medicamento_venta (id_medicamento_venta,id_medicamento, id_venta) values (20,15, 2);

insert into almacen (id_almacen,snombrealmacen) values (1,'almacen1');
insert into almacen (id_almacen,snombrealmacen) values (2,'almacen2');
insert into almacen (id_almacen,snombrealmacen) values (3,'almacen3');
insert into almacen (id_almacen,snombrealmacen) values (4,'almacen4');
insert into almacen (id_almacen,snombrealmacen) values (5,'almacen5');
insert into almacen (id_almacen,snombrealmacen) values (6,'almacen6');
insert into almacen (id_almacen,snombrealmacen) values (7,'almacen7');
insert into almacen (id_almacen,snombrealmacen) values (8,'almacen8');
insert into almacen (id_almacen,snombrealmacen) values (9,'almacen9');
insert into almacen (id_almacen,snombrealmacen) values (10,'almacen10');
insert into almacen (id_almacen,snombrealmacen) values (11,'almacen11');
insert into almacen (id_almacen,snombrealmacen) values (12,'almacen12');
insert into almacen (id_almacen,snombrealmacen) values (13,'almacen13');
insert into almacen (id_almacen,snombrealmacen) values (14,'almacen14');
insert into almacen (id_almacen,snombrealmacen) values (15,'almacen15');

insert into venta_almacen (id_venta_almacen,id_venta) values (1,2);
insert into venta_almacen (id_venta_almacen,id_venta) values (2,3);
insert into venta_almacen (id_venta_almacen,id_venta) values (3,5);
insert into venta_almacen (id_venta_almacen,id_venta) values (4,7);
insert into venta_almacen (id_venta_almacen,id_venta) values (5,9);
insert into venta_almacen (id_venta_almacen,id_venta) values (6,12);
insert into venta_almacen (id_venta_almacen,id_venta) values (7,11);
insert into venta_almacen (id_venta_almacen,id_venta) values (8,4);
insert into venta_almacen (id_venta_almacen,id_venta) values (9,6);
insert into venta_almacen (id_venta_almacen,id_venta) values (10,8);
insert into venta_almacen (id_venta_almacen,id_venta) values (11,10);
insert into venta_almacen (id_venta_almacen,id_venta) values (12,1);
insert into venta_almacen (id_venta_almacen,id_venta) values (13,13);
insert into venta_almacen (id_venta_almacen,id_venta) values (14,14);
insert into venta_almacen (id_venta_almacen,id_venta) values (15,15);

insert into medicamento_almacen (id_medicamento_almacen,id_medicamento, id_almacen, id_venta_almacen, cantidad) values (1,19, 15, 3, 2);
insert into medicamento_almacen (id_medicamento_almacen,id_medicamento, id_almacen, id_venta_almacen, cantidad) values (2,9, 7, 5, 2);
insert into medicamento_almacen (id_medicamento_almacen,id_medicamento, id_almacen, id_venta_almacen, cantidad) values (3,10, 14, 7, 1);
insert into medicamento_almacen (id_medicamento_almacen,id_medicamento, id_almacen, id_venta_almacen, cantidad) values (4,18, 8, 3, 3);
insert into medicamento_almacen (id_medicamento_almacen,id_medicamento, id_almacen, id_venta_almacen, cantidad) values (5,9, 7, 3, 1);
insert into medicamento_almacen (id_medicamento_almacen,id_medicamento, id_almacen, id_venta_almacen, cantidad) values (6,18, 7, 2, 1);
insert into medicamento_almacen (id_medicamento_almacen,id_medicamento, id_almacen, id_venta_almacen, cantidad) values (7,22, 15, 10, 3);
insert into medicamento_almacen (id_medicamento_almacen,id_medicamento, id_almacen, id_venta_almacen, cantidad) values (8,3, 15, 2, 2);
insert into medicamento_almacen (id_medicamento_almacen,id_medicamento, id_almacen, id_venta_almacen, cantidad) values (9,14, 15, 4, 1);
insert into medicamento_almacen (id_medicamento_almacen,id_medicamento, id_almacen, id_venta_almacen, cantidad) values (10,4, 11, 13, 2);
insert into medicamento_almacen (id_medicamento_almacen,id_medicamento, id_almacen, id_venta_almacen, cantidad) values (11,11, 6, 13, 1);
insert into medicamento_almacen (id_medicamento_almacen,id_medicamento, id_almacen, id_venta_almacen, cantidad) values (12,12, 6, 14, 3);
insert into medicamento_almacen (id_medicamento_almacen,id_medicamento, id_almacen, id_venta_almacen, cantidad) values (13,27, 5, 5, 1);
insert into medicamento_almacen (id_medicamento_almacen,id_medicamento, id_almacen, id_venta_almacen, cantidad) values (14,23, 15, 1, 2);
insert into medicamento_almacen (id_medicamento_almacen,id_medicamento, id_almacen, id_venta_almacen, cantidad) values (15,11, 12, 5, 2);

insert into venta_receta (id_venta_receta,id_venta, id_receta) values (1,6, 10);
insert into venta_receta (id_venta_receta,id_venta, id_receta) values (2,3, 12);
insert into venta_receta (id_venta_receta,id_venta, id_receta) values (3,4, 4);
insert into venta_receta (id_venta_receta,id_venta, id_receta) values (4,2, 8);
insert into venta_receta (id_venta_receta,id_venta, id_receta) values (5,13, 6);
insert into venta_receta (id_venta_receta,id_venta, id_receta) values (6,20, 2);
insert into venta_receta (id_venta_receta,id_venta, id_receta) values (7,6, 1);
insert into venta_receta (id_venta_receta,id_venta, id_receta) values (8,4, 5);
insert into venta_receta (id_venta_receta,id_venta, id_receta) values (9,8, 4);
insert into venta_receta (id_venta_receta,id_venta, id_receta) values (10,10, 12);
insert into venta_receta (id_venta_receta,id_venta, id_receta) values (11,4, 15);
insert into venta_receta (id_venta_receta,id_venta, id_receta) values (12,13, 10);
insert into venta_receta (id_venta_receta,id_venta, id_receta) values (13,9, 16);
insert into venta_receta (id_venta_receta,id_venta, id_receta) values (14,15, 9);
insert into venta_receta (id_venta_receta,id_venta, id_receta) values (15,18, 6);
insert into venta_receta (id_venta_receta,id_venta, id_receta) values (16,14, 14);
insert into venta_receta (id_venta_receta,id_venta, id_receta) values (17,1, 12);

insert into personal_venta (id_personal_venta,id_venta, id_personal) values (1,1, 8);
insert into personal_venta (id_personal_venta,id_venta, id_personal) values (2,2, 5);
insert into personal_venta (id_personal_venta,id_venta, id_personal) values (3,3, 17);
insert into personal_venta (id_personal_venta,id_venta, id_personal) values (4,4, 8);
insert into personal_venta (id_personal_venta,id_venta, id_personal) values (5,5, 8);
insert into personal_venta (id_personal_venta,id_venta, id_personal) values (6,6, 3);
insert into personal_venta (id_personal_venta,id_venta, id_personal) values (7,7, 16);
insert into personal_venta (id_personal_venta,id_venta, id_personal) values (8,8, 6);
insert into personal_venta (id_personal_venta,id_venta, id_personal) values (9,9, 3);
insert into personal_venta (id_personal_venta,id_venta, id_personal) values (10,10, 3);
insert into personal_venta (id_personal_venta,id_venta, id_personal) values (11,11, 8);
insert into personal_venta (id_personal_venta,id_venta, id_personal) values (12,12, 17);
insert into personal_venta (id_personal_venta,id_venta, id_personal) values (13,13, 5);
insert into personal_venta (id_personal_venta,id_venta, id_personal) values (14,14, 6);
insert into personal_venta (id_personal_venta,id_venta, id_personal) values (15,15, 17);
insert into personal_venta (id_personal_venta,id_venta, id_personal) values (16,16, 17);
insert into personal_venta (id_personal_venta,id_venta, id_personal) values (17,17, 8);
insert into personal_venta (id_personal_venta,id_venta, id_personal) values (18,18, 3);
insert into personal_venta (id_personal_venta,id_venta, id_personal) values (19,19, 16);
insert into personal_venta (id_personal_venta,id_venta, id_personal) values (20,20, 5);

insert into persona_venta (id_persona_venta,id_venta, id_persona) values (1,1, 29);
insert into persona_venta (id_persona_venta,id_venta, id_persona) values (2,2, 39);
insert into persona_venta (id_persona_venta,id_venta, id_persona) values (3,3, 8);
insert into persona_venta (id_persona_venta,id_venta, id_persona) values (4,4, 26);
insert into persona_venta (id_persona_venta,id_venta, id_persona) values (5,5, 27);
insert into persona_venta (id_persona_venta,id_venta, id_persona) values (6,6, 10);
insert into persona_venta (id_persona_venta,id_venta, id_persona) values (7,7, 5);
insert into persona_venta (id_persona_venta,id_venta, id_persona) values (8,8, 49);
insert into persona_venta (id_persona_venta,id_venta, id_persona) values (9,9, 11);
insert into persona_venta (id_persona_venta,id_venta, id_persona) values (10,10, 5);
insert into persona_venta (id_persona_venta,id_venta, id_persona) values (11,11, 20);
insert into persona_venta (id_persona_venta,id_venta, id_persona) values (12,12, 37);
insert into persona_venta (id_persona_venta,id_venta, id_persona) values (13,13, 21);
insert into persona_venta (id_persona_venta,id_venta, id_persona) values (14,14, 16);
insert into persona_venta (id_persona_venta,id_venta, id_persona) values (15,15, 3);
insert into persona_venta (id_persona_venta,id_venta, id_persona) values (16,16, 45);
insert into persona_venta (id_persona_venta,id_venta, id_persona) values (17,17, 42);
insert into persona_venta (id_persona_venta,id_venta, id_persona) values (18,18, 5);
insert into persona_venta (id_persona_venta,id_venta, id_persona) values (19,19, 25);
insert into persona_venta (id_persona_venta,id_venta, id_persona) values (20,20, 12);

insert into alta (id_alta,fechaegreso) values (1,'2014-02-11');--1
insert into alta (id_alta,fechaegreso) values (2,'2007-07-16');--2
insert into alta (id_alta,fechaegreso) values (3,'2011-02-02');--3
insert into alta (id_alta,fechaegreso) values (4,'2008-04-21');--4
insert into alta (id_alta,fechaegreso) values (5,'2003-06-06');--5
insert into alta (id_alta,fechaegreso) values (6,'2011-09-17');--6
insert into alta (id_alta,fechaegreso) values (7,'2020-10-23');--7
insert into alta (id_alta,fechaegreso) values (8,'2007-10-19');--8
insert into alta (id_alta,fechaegreso) values (9,'2014-04-20');--9
insert into alta (id_alta,fechaegreso) values (10,'2016-11-04');--10
insert into alta (id_alta,fechaegreso) values (11,'2019-12-07');--11
insert into alta (id_alta,fechaegreso) values (12,'2014-06-04');--12
insert into alta (id_alta,fechaegreso) values (13,'2007-10-17');--13
insert into alta (id_alta,fechaegreso) values (14,'2002-10-11');--14
insert into alta (id_alta,fechaegreso) values (15,'2004-11-21');--15
insert into alta (id_alta,fechaegreso) values (16,'2006-07-14');--16
insert into alta (id_alta,fechaegreso) values (17,'2016-03-08');--17
insert into alta (id_alta,fechaegreso) values (18,'2005-03-26');--18
insert into alta (id_alta,fechaegreso) values (19,'2002-05-06');--19
insert into alta (id_alta,fechaegreso) values (20,'2004-11-29');--20

insert into cmotivo (id_motivo,motivo) values (1,'Crisis asmatica');--1
insert into cmotivo (id_motivo,motivo) values (2,'Diabetes descompensada');
insert into cmotivo (id_motivo,motivo) values (3,'Cirrosis hepatica');
insert into cmotivo (id_motivo,motivo) values (4,'Deshidratacion');
insert into cmotivo (id_motivo,motivo) values (5,'Sangrado de tubo digestivo');
insert into cmotivo (id_motivo,motivo) values (6,'Apendicitis');--6
insert into cmotivo (id_motivo,motivo) values (7,'Crisis hipertensiva');
insert into cmotivo (id_motivo,motivo) values (8,'Neumonia');
insert into cmotivo (id_motivo,motivo) values (9,'Laringotraqueitis');
insert into cmotivo (id_motivo,motivo) values (10,'Bronqueolitis');
insert into cmotivo (id_motivo,motivo) values (11,'Pielonefritis');--11
insert into cmotivo (id_motivo,motivo) values (12,'Infarto al miocardio');
insert into cmotivo (id_motivo,motivo) values (13,'Evento cerebro-vascular');
insert into cmotivo (id_motivo,motivo) values (14,'Covid-19');
insert into cmotivo (id_motivo,motivo) values (15,'Infeccion de vias urinarias');
insert into cmotivo (id_motivo,motivo) values (16,'Colesistitis');--16
insert into cmotivo (id_motivo,motivo) values (17,'Gastroenteritis');
insert into cmotivo (id_motivo,motivo) values (18,'Fractura expuesta');
insert into cmotivo (id_motivo,motivo) values (19,'Enfermedad inflamatoria pelvica');
insert into cmotivo (id_motivo,motivo) values (20,'Amenaza de parto pretermino');
insert into cmotivo (id_motivo,motivo) values (21,'Intoxicacion');--21

insert into ingreso (id_ingreso,fechaingreso, preciopd, diagnostico, id_alta) values (1,'2019-08-21', 976, 'Tibia fracturada', 7);
insert into ingreso (id_ingreso,fechaingreso, preciopd, diagnostico, id_alta) values (2,'2018-08-13', 737, 'Infarto', 11);
insert into ingreso (id_ingreso,fechaingreso, preciopd, diagnostico, id_alta) values (3,'2013-03-23', 660, 'Neumonia', 1);
insert into ingreso (id_ingreso,fechaingreso, preciopd, diagnostico, id_alta) values (4,'2012-06-08', 981, 'Dolor en el vientre', 12);
insert into ingreso (id_ingreso,fechaingreso, preciopd, diagnostico, id_alta) values (5,'2001-12-01', 644, 'Deshidratación', 8);
insert into ingreso (id_ingreso,fechaingreso, preciopd, diagnostico, id_alta) values (6,'2015-04-29', 610, 'Perone fracturado', 4);
insert into ingreso (id_ingreso,fechaingreso, preciopd, diagnostico, id_alta) values (7,'2010-06-11', 665, 'Radio fracturado', 1);
insert into ingreso (id_ingreso,fechaingreso, preciopd, diagnostico, id_alta) values (8,'2007-11-11', 357, 'Craneo fracturado', 4);
insert into ingreso (id_ingreso,fechaingreso, preciopd, diagnostico, id_alta) values (9,'2015-04-12', 805, 'Fiebre, tos, dolor de garganta', 10);
insert into ingreso (id_ingreso,fechaingreso, preciopd, diagnostico, id_alta) values (10,'2017-07-12', 839, 'Dificultad para respirar', 12);
insert into ingreso (id_ingreso,fechaingreso, preciopd, diagnostico, id_alta) values (11,'2013-04-28', 924, 'Dolor intenso de estomago', 11);
insert into ingreso (id_ingreso,fechaingreso, preciopd, diagnostico, id_alta) values (12,'2008-03-08', 638, 'Intoxicacion', 4);
insert into ingreso (id_ingreso,fechaingreso, preciopd, diagnostico, id_alta) values (13,'2015-10-26', 657, 'Presión fuera de lo normal', 17);
insert into ingreso (id_ingreso,fechaingreso, preciopd, diagnostico, id_alta) values (14,'2006-10-12', 629, 'Infarto', 2);
insert into ingreso (id_ingreso,fechaingreso, preciopd, diagnostico, id_alta) values (15,'2007-08-13', 561, 'Dolor en el vientre', 9);
insert into ingreso (id_ingreso,fechaingreso, preciopd, diagnostico, id_alta) values (16,'2012-05-03', 796, 'Tibia fracturada', 10);
insert into ingreso (id_ingreso,fechaingreso, preciopd, diagnostico, id_alta) values (17,'2010-10-19', 372, 'Varias costillas fracturadas', 6);
insert into ingreso (id_ingreso,fechaingreso, preciopd, diagnostico, id_alta) values (18,'2003-08-02', 686, 'Deshidratación', 15);
insert into ingreso (id_ingreso,fechaingreso, preciopd, diagnostico, id_alta) values (19,'2010-12-27', 801, 'Neumonia', 3);
insert into ingreso (id_ingreso,fechaingreso, preciopd, diagnostico, id_alta) values (20,'2011-04-25', 647, 'Cirrosis', 17);

insert into personal_ingreso (id_personal_ingreso,id_personal, id_ingreso) values (1,22, 1);
insert into personal_ingreso (id_personal_ingreso,id_personal, id_ingreso) values (2,25, 2);
insert into personal_ingreso (id_personal_ingreso,id_personal, id_ingreso) values (3,26, 3);
insert into personal_ingreso (id_personal_ingreso,id_personal, id_ingreso) values (4,23, 4);
insert into personal_ingreso (id_personal_ingreso,id_personal, id_ingreso) values (5,23, 5);
insert into personal_ingreso (id_personal_ingreso,id_personal, id_ingreso) values (6,33, 6);
insert into personal_ingreso (id_personal_ingreso,id_personal, id_ingreso) values (7,34, 7);
insert into personal_ingreso (id_personal_ingreso,id_personal, id_ingreso) values (8,24, 8);
insert into personal_ingreso (id_personal_ingreso,id_personal, id_ingreso) values (9,28, 9);
insert into personal_ingreso (id_personal_ingreso,id_personal, id_ingreso) values (10,23, 10);
insert into personal_ingreso (id_personal_ingreso,id_personal, id_ingreso) values (11,24, 11);
insert into personal_ingreso (id_personal_ingreso,id_personal, id_ingreso) values (12,26, 12);
insert into personal_ingreso (id_personal_ingreso,id_personal, id_ingreso) values (13,31, 13);
insert into personal_ingreso (id_personal_ingreso,id_personal, id_ingreso) values (14,33, 14);
insert into personal_ingreso (id_personal_ingreso,id_personal, id_ingreso) values (15,24, 15);
insert into personal_ingreso (id_personal_ingreso,id_personal, id_ingreso) values (16,26, 16);
insert into personal_ingreso (id_personal_ingreso,id_personal, id_ingreso) values (17,32, 17);
insert into personal_ingreso (id_personal_ingreso,id_personal, id_ingreso) values (18,21, 18);
insert into personal_ingreso (id_personal_ingreso,id_personal, id_ingreso) values (19,23, 19);
insert into personal_ingreso (id_personal_ingreso,id_personal, id_ingreso) values (20,32, 20);
insert into personal_ingreso (id_personal_ingreso,id_personal, id_ingreso) values (21,13, 5);
insert into personal_ingreso (id_personal_ingreso,id_personal, id_ingreso) values (22,7, 19);
insert into personal_ingreso (id_personal_ingreso,id_personal, id_ingreso) values (23,7, 10);
insert into personal_ingreso (id_personal_ingreso,id_personal, id_ingreso) values (24,18, 3);
insert into personal_ingreso (id_personal_ingreso,id_personal, id_ingreso) values (25,18, 20);
insert into personal_ingreso (id_personal_ingreso,id_personal, id_ingreso) values (26,10, 17);
insert into personal_ingreso (id_personal_ingreso,id_personal, id_ingreso) values (27,10, 14);
insert into personal_ingreso (id_personal_ingreso,id_personal, id_ingreso) values (28,10, 12);
insert into personal_ingreso (id_personal_ingreso,id_personal, id_ingreso) values (29,18, 2);
insert into personal_ingreso (id_personal_ingreso,id_personal, id_ingreso) values (30,18, 10);

insert into paciente_ingreso (id_paciente_ingreso,id_paciente, id_ingreso) values (1,3, 1);
insert into paciente_ingreso (id_paciente_ingreso,id_paciente, id_ingreso) values (2,7, 2);
insert into paciente_ingreso (id_paciente_ingreso,id_paciente, id_ingreso) values (3,12, 3);
insert into paciente_ingreso (id_paciente_ingreso,id_paciente, id_ingreso) values (4,5, 4);
insert into paciente_ingreso (id_paciente_ingreso,id_paciente, id_ingreso) values (5,6, 5);
insert into paciente_ingreso (id_paciente_ingreso,id_paciente, id_ingreso) values (6,16, 6);
insert into paciente_ingreso (id_paciente_ingreso,id_paciente, id_ingreso) values (7,15, 7);
insert into paciente_ingreso (id_paciente_ingreso,id_paciente, id_ingreso) values (8,14, 8);
insert into paciente_ingreso (id_paciente_ingreso,id_paciente, id_ingreso) values (9,13, 9);
insert into paciente_ingreso (id_paciente_ingreso,id_paciente, id_ingreso) values (10,4, 10);
insert into paciente_ingreso (id_paciente_ingreso,id_paciente, id_ingreso) values (11,1, 11);
insert into paciente_ingreso (id_paciente_ingreso,id_paciente, id_ingreso) values (12,2, 12);
insert into paciente_ingreso (id_paciente_ingreso,id_paciente, id_ingreso) values (13,18, 13);
insert into paciente_ingreso (id_paciente_ingreso,id_paciente, id_ingreso) values (14,20, 14);
insert into paciente_ingreso (id_paciente_ingreso,id_paciente, id_ingreso) values (15,9, 15);
insert into paciente_ingreso (id_paciente_ingreso,id_paciente, id_ingreso) values (16,19, 16);
insert into paciente_ingreso (id_paciente_ingreso,id_paciente, id_ingreso) values (17,8, 17);
insert into paciente_ingreso (id_paciente_ingreso,id_paciente, id_ingreso) values (18,10, 18);
insert into paciente_ingreso (id_paciente_ingreso,id_paciente, id_ingreso) values (19,17, 19);
insert into paciente_ingreso (id_paciente_ingreso,id_paciente, id_ingreso) values (20,11, 20);

insert into ingreso_motivo (id_ingreso_motivo,id_ingreso,id_motivo) values (1,1,18);
insert into ingreso_motivo (id_ingreso_motivo,id_ingreso,id_motivo) values (2,2,12);
insert into ingreso_motivo (id_ingreso_motivo,id_ingreso,id_motivo) values (3,3,8);
insert into ingreso_motivo (id_ingreso_motivo,id_ingreso,id_motivo) values (4,4,6);
insert into ingreso_motivo (id_ingreso_motivo,id_ingreso,id_motivo) values (5,5,4);
insert into ingreso_motivo (id_ingreso_motivo,id_ingreso,id_motivo) values (6,6,18);
insert into ingreso_motivo (id_ingreso_motivo,id_ingreso,id_motivo) values (7,7,18);
insert into ingreso_motivo (id_ingreso_motivo,id_ingreso,id_motivo) values (8,8,18);
insert into ingreso_motivo (id_ingreso_motivo,id_ingreso,id_motivo) values (9,9,14);
insert into ingreso_motivo (id_ingreso_motivo,id_ingreso,id_motivo) values (10,10,1);
insert into ingreso_motivo (id_ingreso_motivo,id_ingreso,id_motivo) values (11,11,17);
insert into ingreso_motivo (id_ingreso_motivo,id_ingreso,id_motivo) values (12,12,21);
insert into ingreso_motivo (id_ingreso_motivo,id_ingreso,id_motivo) values (13,13,7);
insert into ingreso_motivo (id_ingreso_motivo,id_ingreso,id_motivo) values (14,14,12);
insert into ingreso_motivo (id_ingreso_motivo,id_ingreso,id_motivo) values (15,15,6);
insert into ingreso_motivo (id_ingreso_motivo,id_ingreso,id_motivo) values (16,16,18);
insert into ingreso_motivo (id_ingreso_motivo,id_ingreso,id_motivo) values (17,17,18);
insert into ingreso_motivo (id_ingreso_motivo,id_ingreso,id_motivo) values (18,18,4);
insert into ingreso_motivo (id_ingreso_motivo,id_ingreso,id_motivo) values (19,19,8);
insert into ingreso_motivo (id_ingreso_motivo,id_ingreso,id_motivo) values (20,20,3);

insert into ccama (id_cama,tipocama, numcama) values (1,'C', 1);
insert into ccama (id_cama,tipocama, numcama) values (2,'C', 2);
insert into ccama (id_cama,tipocama, numcama) values (3,'B', 3);
insert into ccama (id_cama,tipocama, numcama) values (4,'B', 4);
insert into ccama (id_cama,tipocama, numcama) values (5,'C', 5);
insert into ccama (id_cama,tipocama, numcama) values (6,'B', 6);
insert into ccama (id_cama,tipocama, numcama) values (7,'A', 7);
insert into ccama (id_cama,tipocama, numcama) values (8,'A', 8);
insert into ccama (id_cama,tipocama, numcama) values (9,'B', 9);
insert into ccama (id_cama,tipocama, numcama) values (10,'A', 10);
insert into ccama (id_cama,tipocama, numcama) values (11,'A', 11);
insert into ccama (id_cama,tipocama, numcama) values (12,'C', 12);
insert into ccama (id_cama,tipocama, numcama) values (13,'B', 13);
insert into ccama (id_cama,tipocama, numcama) values (14,'B', 14);
insert into ccama (id_cama,tipocama, numcama) values (15,'B', 15);
insert into ccama (id_cama,tipocama, numcama) values (16,'B', 16);
insert into ccama (id_cama,tipocama, numcama) values (17,'C', 17);
insert into ccama (id_cama,tipocama, numcama) values (18,'A', 18);
insert into ccama (id_cama,tipocama, numcama) values (19,'B', 19);
insert into ccama (id_cama,tipocama, numcama) values (20,'A', 20);

insert into ingreso_ccama (id_ingreso_cama,id_cama, id_ingreso) values (1,10, 1);
insert into ingreso_ccama (id_ingreso_cama,id_cama, id_ingreso) values (2,18, 2);
insert into ingreso_ccama (id_ingreso_cama,id_cama, id_ingreso) values (3,19, 3);
insert into ingreso_ccama (id_ingreso_cama,id_cama, id_ingreso) values (4,9, 4);
insert into ingreso_ccama (id_ingreso_cama,id_cama, id_ingreso) values (5,16, 5);
insert into ingreso_ccama (id_ingreso_cama,id_cama, id_ingreso) values (6,17, 6);
insert into ingreso_ccama (id_ingreso_cama,id_cama, id_ingreso) values (7,19, 7);
insert into ingreso_ccama (id_ingreso_cama,id_cama, id_ingreso) values (8,5, 8);
insert into ingreso_ccama (id_ingreso_cama,id_cama, id_ingreso) values (9,20, 9);
insert into ingreso_ccama (id_ingreso_cama,id_cama, id_ingreso) values (10,9, 10);
insert into ingreso_ccama (id_ingreso_cama,id_cama, id_ingreso) values (11,8, 11);
insert into ingreso_ccama (id_ingreso_cama,id_cama, id_ingreso) values (12,1, 12);
insert into ingreso_ccama (id_ingreso_cama,id_cama, id_ingreso) values (13,18, 13);
insert into ingreso_ccama (id_ingreso_cama,id_cama, id_ingreso) values (14,5, 14);
insert into ingreso_ccama (id_ingreso_cama,id_cama, id_ingreso) values (15,20, 15);
insert into ingreso_ccama (id_ingreso_cama,id_cama, id_ingreso) values (16,8, 16);
insert into ingreso_ccama (id_ingreso_cama,id_cama, id_ingreso) values (17,8, 17);
insert into ingreso_ccama (id_ingreso_cama,id_cama, id_ingreso) values (18,7, 18);
insert into ingreso_ccama (id_ingreso_cama,id_cama, id_ingreso) values (19,4, 19);
insert into ingreso_ccama (id_ingreso_cama,id_cama, id_ingreso) values (20,17, 20);

insert into chabitaciones (id_habitacion,habitacion) values (1,101);
insert into chabitaciones (id_habitacion,habitacion) values (2,102);
insert into chabitaciones (id_habitacion,habitacion) values (3,103);
insert into chabitaciones (id_habitacion,habitacion) values (4,104);
insert into chabitaciones (id_habitacion,habitacion) values (5,105);
insert into chabitaciones (id_habitacion,habitacion) values (6,106);
insert into chabitaciones (id_habitacion,habitacion) values (7,107);
insert into chabitaciones (id_habitacion,habitacion) values (8,108);
insert into chabitaciones (id_habitacion,habitacion) values (9,109);
insert into chabitaciones (id_habitacion,habitacion) values (10,110);
insert into chabitaciones (id_habitacion,habitacion) values (11,111);
insert into chabitaciones (id_habitacion,habitacion) values (12,112);
insert into chabitaciones (id_habitacion,habitacion) values (13,113);
insert into chabitaciones (id_habitacion,habitacion) values (14,114);
insert into chabitaciones (id_habitacion,habitacion) values (15,115);
insert into chabitaciones (id_habitacion,habitacion) values (16,116);
insert into chabitaciones (id_habitacion,habitacion) values (17,117);
insert into chabitaciones (id_habitacion,habitacion) values (18,118);
insert into chabitaciones (id_habitacion,habitacion) values (19,119);
insert into chabitaciones (id_habitacion,habitacion) values (20,120);

insert into ingreso_chabitaciones (id_ingreso_chabitaciones,id_habitacion, id_ingreso) values (1,18, 1);
insert into ingreso_chabitaciones (id_ingreso_chabitaciones,id_habitacion, id_ingreso) values (2,1, 2);
insert into ingreso_chabitaciones (id_ingreso_chabitaciones,id_habitacion, id_ingreso) values (3,14, 3);
insert into ingreso_chabitaciones (id_ingreso_chabitaciones,id_habitacion, id_ingreso) values (4,6, 4);
insert into ingreso_chabitaciones (id_ingreso_chabitaciones,id_habitacion, id_ingreso) values (5,19, 5);
insert into ingreso_chabitaciones (id_ingreso_chabitaciones,id_habitacion, id_ingreso) values (6,19, 6);
insert into ingreso_chabitaciones (id_ingreso_chabitaciones,id_habitacion, id_ingreso) values (7,18, 7);
insert into ingreso_chabitaciones (id_ingreso_chabitaciones,id_habitacion, id_ingreso) values (8,17, 8);
insert into ingreso_chabitaciones (id_ingreso_chabitaciones,id_habitacion, id_ingreso) values (9,1, 9);
insert into ingreso_chabitaciones (id_ingreso_chabitaciones,id_habitacion, id_ingreso) values (10,2, 10);
insert into ingreso_chabitaciones (id_ingreso_chabitaciones,id_habitacion, id_ingreso) values (11,8, 11);
insert into ingreso_chabitaciones (id_ingreso_chabitaciones,id_habitacion, id_ingreso) values (12,12, 12);
insert into ingreso_chabitaciones (id_ingreso_chabitaciones,id_habitacion, id_ingreso) values (13,6, 13);
insert into ingreso_chabitaciones (id_ingreso_chabitaciones,id_habitacion, id_ingreso) values (14,16, 14);
insert into ingreso_chabitaciones (id_ingreso_chabitaciones,id_habitacion, id_ingreso) values (15,15, 15);
insert into ingreso_chabitaciones (id_ingreso_chabitaciones,id_habitacion, id_ingreso) values (16,14, 16);
insert into ingreso_chabitaciones (id_ingreso_chabitaciones,id_habitacion, id_ingreso) values (17,15, 17);
insert into ingreso_chabitaciones (id_ingreso_chabitaciones,id_habitacion, id_ingreso) values (18,14, 18);
insert into ingreso_chabitaciones (id_ingreso_chabitaciones,id_habitacion, id_ingreso) values (19,8, 19);
insert into ingreso_chabitaciones (id_ingreso_chabitaciones,id_habitacion, id_ingreso) values (20,3, 20);

insert into piso (id_piso,npiso) values (1,1);
insert into piso (id_piso,npiso) values (2,2);
insert into piso (id_piso,npiso) values (3,3);
insert into piso (id_piso,npiso) values (4,4);
insert into piso (id_piso,npiso) values (5,5);

insert into piso_habitacion (id_pisohab,id_piso, id_habitacion) values (1,4, 1);
insert into piso_habitacion (id_pisohab,id_piso, id_habitacion) values (2,1, 2);
insert into piso_habitacion (id_pisohab,id_piso, id_habitacion) values (3,5, 3);
insert into piso_habitacion (id_pisohab,id_piso, id_habitacion) values (4,5, 4);
insert into piso_habitacion (id_pisohab,id_piso, id_habitacion) values (5,4, 5);
insert into piso_habitacion (id_pisohab,id_piso, id_habitacion) values (6,3, 6);
insert into piso_habitacion (id_pisohab,id_piso, id_habitacion) values (7,5, 7);
insert into piso_habitacion (id_pisohab,id_piso, id_habitacion) values (8,2, 8);
insert into piso_habitacion (id_pisohab,id_piso, id_habitacion) values (9,1, 9);
insert into piso_habitacion (id_pisohab,id_piso, id_habitacion) values (10,2, 10);
insert into piso_habitacion (id_pisohab,id_piso, id_habitacion) values (11,2, 11);
insert into piso_habitacion (id_pisohab,id_piso, id_habitacion) values (12,5, 12);
insert into piso_habitacion (id_pisohab,id_piso, id_habitacion) values (13,2, 13);
insert into piso_habitacion (id_pisohab,id_piso, id_habitacion) values (14,2, 14);
insert into piso_habitacion (id_pisohab,id_piso, id_habitacion) values (15,1, 15);
insert into piso_habitacion (id_pisohab,id_piso, id_habitacion) values (16,2, 16);
insert into piso_habitacion (id_pisohab,id_piso, id_habitacion) values (17,4, 17);
insert into piso_habitacion (id_pisohab,id_piso, id_habitacion) values (18,3, 18);
insert into piso_habitacion (id_pisohab,id_piso, id_habitacion) values (19,2, 19);
insert into piso_habitacion (id_pisohab,id_piso, id_habitacion) values (20,5, 20);

insert into consultorio (id_consultorio,consultorio) values (1,101);
insert into consultorio (id_consultorio,consultorio) values (2,102);
insert into consultorio (id_consultorio,consultorio) values (3,103);
insert into consultorio (id_consultorio,consultorio) values (4,104);
insert into consultorio (id_consultorio,consultorio) values (5,105);
insert into consultorio (id_consultorio,consultorio) values (6,106);
insert into consultorio (id_consultorio,consultorio) values (7,107);
insert into consultorio (id_consultorio,consultorio) values (8,108);
insert into consultorio (id_consultorio,consultorio) values (9,109);
insert into consultorio (id_consultorio,consultorio) values (10,110);
insert into consultorio (id_consultorio,consultorio) values (11,111);
insert into consultorio (id_consultorio,consultorio) values (12,112);
insert into consultorio (id_consultorio,consultorio) values (13,113);
insert into consultorio (id_consultorio,consultorio) values (14,114);
insert into consultorio (id_consultorio,consultorio) values (15,115);
insert into consultorio (id_consultorio,consultorio) values (16,116);
insert into consultorio (id_consultorio,consultorio) values (17,117);
insert into consultorio (id_consultorio,consultorio) values (18,118);
insert into consultorio (id_consultorio,consultorio) values (19,119);
insert into consultorio (id_consultorio,consultorio) values (20,120);

insert into piso_consultorio (id_pisoconsul,id_consultorio, id_piso) values (1,1, 1);
insert into piso_consultorio (id_pisoconsul,id_consultorio, id_piso) values (2,2, 5);
insert into piso_consultorio (id_pisoconsul,id_consultorio, id_piso) values (3,3, 5);
insert into piso_consultorio (id_pisoconsul,id_consultorio, id_piso) values (4,4, 1);
insert into piso_consultorio (id_pisoconsul,id_consultorio, id_piso) values (5,5, 1);
insert into piso_consultorio (id_pisoconsul,id_consultorio, id_piso) values (6,6, 2);
insert into piso_consultorio (id_pisoconsul,id_consultorio, id_piso) values (7,7, 2);
insert into piso_consultorio (id_pisoconsul,id_consultorio, id_piso) values (8,8, 1);
insert into piso_consultorio (id_pisoconsul,id_consultorio, id_piso) values (9,9, 2);
insert into piso_consultorio (id_pisoconsul,id_consultorio, id_piso) values (10,10, 1);
insert into piso_consultorio (id_pisoconsul,id_consultorio, id_piso) values (11,11, 2);
insert into piso_consultorio (id_pisoconsul,id_consultorio, id_piso) values (12,12, 4);
insert into piso_consultorio (id_pisoconsul,id_consultorio, id_piso) values (13,13, 1);
insert into piso_consultorio (id_pisoconsul,id_consultorio, id_piso) values (14,14, 2);
insert into piso_consultorio (id_pisoconsul,id_consultorio, id_piso) values (15,15, 5);
insert into piso_consultorio (id_pisoconsul,id_consultorio, id_piso) values (16,16, 1);
insert into piso_consultorio (id_pisoconsul,id_consultorio, id_piso) values (17,17, 4);
insert into piso_consultorio (id_pisoconsul,id_consultorio, id_piso) values (18,18, 4);
insert into piso_consultorio (id_pisoconsul,id_consultorio, id_piso) values (19,19, 2);
insert into piso_consultorio (id_pisoconsul,id_consultorio, id_piso) values (20,20, 1);

insert into consulta (id_consulta,fecha, diagnostico, precio, hora, id_especialidad) values (1,'2014-07-03', 'paciente con infeccion', 981, '10:39', 7);
insert into consulta (id_consulta,fecha, diagnostico, precio, hora, id_especialidad) values (2,'2001-11-21', 'paciente con diabetes', 1128, '13:26', 4);
insert into consulta (id_consulta,fecha, diagnostico, precio, hora, id_especialidad) values (3,'2005-08-10', 'paciente con alergias', 1135, '14:12', 12);
insert into consulta (id_consulta,fecha, diagnostico, precio, hora, id_especialidad) values (4,'2012-02-06', 'paciente con diabetes', 1041, '11:43', 5);
insert into consulta (id_consulta,fecha, diagnostico, precio, hora, id_especialidad) values (5,'2011-11-03', 'paciente con dolor de cabeza', 864, '16:57', 12);
insert into consulta (id_consulta,fecha, diagnostico, precio, hora, id_especialidad) values (6,'2005-03-02', 'paciente con alergias', 872, '10:22', 2);
insert into consulta (id_consulta,fecha, diagnostico, precio, hora, id_especialidad) values (7,'2014-09-03', 'paciente con dolor', 1114, '19:47', 6);
insert into consulta (id_consulta,fecha, diagnostico, precio, hora, id_especialidad) values (8,'2003-05-12', 'paciente con dolor', 826, '10:07', 13);
insert into consulta (id_consulta,fecha, diagnostico, precio, hora, id_especialidad) values (9,'2005-03-27', 'paciente con diabetes', 878, '11:19', 8);
insert into consulta (id_consulta,fecha, diagnostico, precio, hora, id_especialidad) values (10,'2005-08-19', 'paciente con diabetes', 891, '14:28', 10);
insert into consulta (id_consulta,fecha, diagnostico, precio, hora, id_especialidad) values (11,'2005-04-09', 'paciente con dolor', 854, '16:46', 2);
insert into consulta (id_consulta,fecha, diagnostico, precio, hora, id_especialidad) values (12,'2005-01-24', 'paciente con alergias', 1189, '15:31', 15);
insert into consulta (id_consulta,fecha, diagnostico, precio, hora, id_especialidad) values (13,'2021-03-03', 'paciente con dolor de cabeza', 949, '17:13', 7);
insert into consulta (id_consulta,fecha, diagnostico, precio, hora, id_especialidad) values (14,'2021-07-19', 'paciente con diabetes', 1030, '9:11', 15);
insert into consulta (id_consulta,fecha, diagnostico, precio, hora, id_especialidad) values (15,'2003-11-21', 'paciente con alergias', 1029, '18:12', 5);
insert into consulta (id_consulta,fecha, diagnostico, precio, hora, id_especialidad) values (16,'2000-07-27', 'paciente con infeccion', 805, '12:09', 6);
insert into consulta (id_consulta,fecha, diagnostico, precio, hora, id_especialidad) values (17,'2015-11-06', 'paciente con diabetes', 832, '19:41', 10);
insert into consulta (id_consulta,fecha, diagnostico, precio, hora, id_especialidad) values (18,'2009-02-03', 'paciente con dolor de cabeza', 995, '12:42', 5);
insert into consulta (id_consulta,fecha, diagnostico, precio, hora, id_especialidad) values (19,'2013-10-23', 'paciente con dolor de cabeza', 839, '21:17', 9);
insert into consulta (id_consulta,fecha, diagnostico, precio, hora, id_especialidad) values (20,'2018-07-24', 'paciente con diabetes', 1187, '20:17', 12);
insert into consulta (id_consulta,fecha, diagnostico, precio, hora, id_especialidad) values (21,'2015-07-03', 'paciente con infeccion', 981, '10:39', 7);
insert into consulta (id_consulta,fecha, diagnostico, precio, hora, id_especialidad) values (22,'2014-08-11', 'paciente con diabetes', 551, '9:01', 8);

insert into consultorio_consulta (id_consultorio_consulta,id_consulta, id_consultorio) values (1,1, 14);
insert into consultorio_consulta (id_consultorio_consulta,id_consulta, id_consultorio) values (2,2, 11);
insert into consultorio_consulta (id_consultorio_consulta,id_consulta, id_consultorio) values (3,3, 9);
insert into consultorio_consulta (id_consultorio_consulta,id_consulta, id_consultorio) values (4,4, 16);
insert into consultorio_consulta (id_consultorio_consulta,id_consulta, id_consultorio) values (5,5, 14);
insert into consultorio_consulta (id_consultorio_consulta,id_consulta, id_consultorio) values (6,6, 10);
insert into consultorio_consulta (id_consultorio_consulta,id_consulta, id_consultorio) values (7,7, 12);
insert into consultorio_consulta (id_consultorio_consulta,id_consulta, id_consultorio) values (8,8, 6);
insert into consultorio_consulta (id_consultorio_consulta,id_consulta, id_consultorio) values (9,9, 19);
insert into consultorio_consulta (id_consultorio_consulta,id_consulta, id_consultorio) values (10,10, 4);
insert into consultorio_consulta (id_consultorio_consulta,id_consulta, id_consultorio) values (11,11, 3);
insert into consultorio_consulta (id_consultorio_consulta,id_consulta, id_consultorio) values (12,12, 12);
insert into consultorio_consulta (id_consultorio_consulta,id_consulta, id_consultorio) values (13,13, 3);
insert into consultorio_consulta (id_consultorio_consulta,id_consulta, id_consultorio) values (14,14, 19);
insert into consultorio_consulta (id_consultorio_consulta,id_consulta, id_consultorio) values (15,15, 19);
insert into consultorio_consulta (id_consultorio_consulta,id_consulta, id_consultorio) values (16,16, 12);
insert into consultorio_consulta (id_consultorio_consulta,id_consulta, id_consultorio) values (17,17, 17);
insert into consultorio_consulta (id_consultorio_consulta,id_consulta, id_consultorio) values (18,18, 5);
insert into consultorio_consulta (id_consultorio_consulta,id_consulta, id_consultorio) values (19,19, 8);
insert into consultorio_consulta (id_consultorio_consulta,id_consulta, id_consultorio) values (20,20, 6);
insert into consultorio_consulta (id_consultorio_consulta,id_consulta, id_consultorio) values (21,21, 14);
insert into consultorio_consulta (id_consultorio_consulta,id_consulta, id_consultorio) values (22,22, 6);

insert into consulta_paciente (id_consulta_paciente,id_consulta, id_paciente) values (1,1, 4);
insert into consulta_paciente (id_consulta_paciente,id_consulta, id_paciente) values (2,2, 7);
insert into consulta_paciente (id_consulta_paciente,id_consulta, id_paciente) values (3,3, 9);
insert into consulta_paciente (id_consulta_paciente,id_consulta, id_paciente) values (4,4, 17);
insert into consulta_paciente (id_consulta_paciente,id_consulta, id_paciente) values (5,5, 20);
insert into consulta_paciente (id_consulta_paciente,id_consulta, id_paciente) values (6,6, 17);
insert into consulta_paciente (id_consulta_paciente,id_consulta, id_paciente) values (7,7, 18);
insert into consulta_paciente (id_consulta_paciente,id_consulta, id_paciente) values (8,8, 10);
insert into consulta_paciente (id_consulta_paciente,id_consulta, id_paciente) values (9,9, 8);
insert into consulta_paciente (id_consulta_paciente,id_consulta, id_paciente) values (10,10, 13);
insert into consulta_paciente (id_consulta_paciente,id_consulta, id_paciente) values (11,11, 16);
insert into consulta_paciente (id_consulta_paciente,id_consulta, id_paciente) values (12,12, 2);
insert into consulta_paciente (id_consulta_paciente,id_consulta, id_paciente) values (13,13, 4);
insert into consulta_paciente (id_consulta_paciente,id_consulta, id_paciente) values (14,14, 16);
insert into consulta_paciente (id_consulta_paciente,id_consulta, id_paciente) values (15,15, 12);
insert into consulta_paciente (id_consulta_paciente,id_consulta, id_paciente) values (16,16, 19);
insert into consulta_paciente (id_consulta_paciente,id_consulta, id_paciente) values (17,17, 13);
insert into consulta_paciente (id_consulta_paciente,id_consulta, id_paciente) values (18,18, 18);
insert into consulta_paciente (id_consulta_paciente,id_consulta, id_paciente) values (19,19, 4);
insert into consulta_paciente (id_consulta_paciente,id_consulta, id_paciente) values (20,20, 7);
insert into consulta_paciente (id_consulta_paciente,id_consulta, id_paciente) values (21,21, 13);
insert into consulta_paciente (id_consulta_paciente,id_consulta, id_paciente) values (22,22, 8);

insert into consulta_personal (id_consulta_personal,id_consulta, id_personal) values (1,1, 32);
insert into consulta_personal (id_consulta_personal,id_consulta, id_personal) values (2,2, 31);
insert into consulta_personal (id_consulta_personal,id_consulta, id_personal) values (3,3, 27);
insert into consulta_personal (id_consulta_personal,id_consulta, id_personal) values (4,4, 31);
insert into consulta_personal (id_consulta_personal,id_consulta, id_personal) values (5,5, 28);
insert into consulta_personal (id_consulta_personal,id_consulta, id_personal) values (6,6, 1);
insert into consulta_personal (id_consulta_personal,id_consulta, id_personal) values (7,7, 26);
insert into consulta_personal (id_consulta_personal,id_consulta, id_personal) values (8,8, 31);
insert into consulta_personal (id_consulta_personal,id_consulta, id_personal) values (9,9, 30);
insert into consulta_personal (id_consulta_personal,id_consulta, id_personal) values (10,10, 25);
insert into consulta_personal (id_consulta_personal,id_consulta, id_personal) values (11,11, 29);
insert into consulta_personal (id_consulta_personal,id_consulta, id_personal) values (12,12, 33);
insert into consulta_personal (id_consulta_personal,id_consulta, id_personal) values (13,13, 25);
insert into consulta_personal (id_consulta_personal,id_consulta, id_personal) values (14,14, 35);
insert into consulta_personal (id_consulta_personal,id_consulta, id_personal) values (15,15, 11);
insert into consulta_personal (id_consulta_personal,id_consulta, id_personal) values (16,16, 27);
insert into consulta_personal (id_consulta_personal,id_consulta, id_personal) values (17,17, 1);
insert into consulta_personal (id_consulta_personal,id_consulta, id_personal) values (18,18, 35);
insert into consulta_personal (id_consulta_personal,id_consulta, id_personal) values (19,19, 29);
insert into consulta_personal (id_consulta_personal,id_consulta, id_personal) values (20,20, 25);
insert into consulta_personal (id_consulta_personal,id_consulta, id_personal) values (21,21, 1);
insert into consulta_personal (id_consulta_personal,id_consulta, id_personal) values (22,22, 35);

insert into receta_consulta (id_receta_consulta,id_receta, id_consulta) values (1,1, 1);
insert into receta_consulta (id_receta_consulta,id_receta, id_consulta) values (2,2, 11);
insert into receta_consulta (id_receta_consulta,id_receta, id_consulta) values (3,3, 15);
insert into receta_consulta (id_receta_consulta,id_receta, id_consulta) values (4,4, 16);
insert into receta_consulta (id_receta_consulta,id_receta, id_consulta) values (5,5, 16);
insert into receta_consulta (id_receta_consulta,id_receta, id_consulta) values (6,6, 19);
insert into receta_consulta (id_receta_consulta,id_receta, id_consulta) values (7,7, 18);
insert into receta_consulta (id_receta_consulta,id_receta, id_consulta) values (8,8, 1);
insert into receta_consulta (id_receta_consulta,id_receta, id_consulta) values (9,9, 1);
insert into receta_consulta (id_receta_consulta,id_receta, id_consulta) values (10,10, 16);
insert into receta_consulta (id_receta_consulta,id_receta, id_consulta) values (11,11, 16);
insert into receta_consulta (id_receta_consulta,id_receta, id_consulta) values (12,12, 8);
insert into receta_consulta (id_receta_consulta,id_receta, id_consulta) values (13,13, 19);
insert into receta_consulta (id_receta_consulta,id_receta, id_consulta) values (14,14, 6);
insert into receta_consulta (id_receta_consulta,id_receta, id_consulta) values (15,15, 18);
insert into receta_consulta (id_receta_consulta,id_receta, id_consulta) values (16,16, 14);

insert into ctipopersonal (id_tipopersonal,tpersonal) values (6,'psicologo');
insert into ctipopersonal (id_tipopersonal,tpersonal) values (5,'psiquiatra');
insert into cmotivo (id_motivo,motivo) values (23,'Crisis ezquizofrenica');
insert into cmotivo (id_motivo,motivo) values (22,'Lupus');
insert into alta (id_alta,fechaegreso) values (21,'2014-02-11');
insert into alta (id_alta,fechaegreso) values (22,'2014-02-11');
insert into ingreso (id_ingreso,fechaingreso, preciopd, diagnostico, id_alta) values (21,'2019-08-22', 976, 'Tibia fracturada', 6);
insert into ingreso (id_ingreso,fechaingreso, preciopd, diagnostico, id_alta) values (22,'2018-08-14', 737, 'Infarto', 15);
insert into ingreso_motivo (id_ingreso_motivo,id_ingreso,id_motivo) values (21,20,14);
insert into ingreso_motivo (id_ingreso_motivo,id_ingreso,id_motivo) values (22,19,18);
insert into personal_ingreso (id_personal_ingreso,id_personal, id_ingreso) values (31,22, 14);
insert into personal_ingreso (id_personal_ingreso,id_personal, id_ingreso) values (32,23, 5);
insert into paciente_ingreso (id_paciente_ingreso,id_paciente, id_ingreso) values (22,11, 20);
insert into paciente_ingreso (id_paciente_ingreso,id_paciente, id_ingreso) values (23,11, 13);
insert into persona_venta (id_persona_venta,id_venta, id_persona) values (21,20, 39);
insert into persona_venta (id_persona_venta,id_venta, id_persona) values (22,5, 30);
insert into especialidad (id_especialidad,especialidad) values (16,'Infectología');
insert into especialidad (id_especialidad,especialidad) values (17,'Nefrología');
insert into venta (id_venta,fecha, costo, hora) values (21,'2006-02-04', 698, '19:19');
insert into venta (id_venta,fecha, costo, hora) values (22,'2000-04-10', 219, '16:08');

